SUB_TYPE,FOLDER_DESCRIPTION,APPLICANT_ORGANIZATION
Concrete Pouring,"Type 2 permit needed for concrete installation during non-peak hours from 3:00am - 6:00am on Tuesday morning, October 26th, 2021 unless delayed.  Sound level not to exceed 78dBA as measured 75ft from the source of sound.  Sound and Light management plan and evidence of notification to surrounding property representatives provided.  On site supervisor / superintendent: David Langhoff 213-310-2585 or Chase Brewer 678-245-1721 or Brian Goumas 561-284-0855.","Greystar Development & Construction, LP"
Concrete Pouring,"Type 2 permit needed for concrete installation during non-peak hours from 12:01am - 6:00am on Saturday, September 30th, 2023.  Sound level not to exceed 78dBA as measured 75ft from the source of sound.  Sound and Light Management plan and confirmation from applicant that notification to surrounding property representatives will be provided as required.  On site supervisor / superintendent: Jacob Fry (512)230-2609.",Harvey-Cleary
Outdoor Music Venue,Renewal OMV for NO VA Kitchen & Bar.,"NO VA Bar Group, LLC"
Concrete Pouring,"Type 2 permit needed for concrete installation of Level 16 Pour 3 during non-peak hours of 12:00am - 7:00am on Thursday, November 19th, 2020 unless delayed.  Sound level not to exceed 78dBA as measured 75ft from the source of sound.  Sound and Light Management plan and evidence of notification to surrounding property representatives provided.  On site supervisor / superintendent: David Rayner (512)420-7972 or Tanner Dodd (512)636-3441.",DPR Construction
Private Sound Amplification,,Duty Now For The Future
Concrete Pouring,,Gilbane
Concrete Pouring,"Type 3 permit needed for concrete installation of Level 23 pour 1 during non-peak hours from 12:00am - 7:00am on Wednesday, May 27th, 2020 unless delayed.  Sound and Light Management plan and evidence of notification to surrounding property representatives provided.  On site supervisor / superintendent: Cody Abney (512) 677-7860 or Gabe DeLeon (512)492-2983 or Cameron Kramr (512)784-1870.",Ryan Companies US INC
Outdoor Music Venue,,Austin Partners LLC
Concrete Pouring,,"Balfour Beatty Construction, LLC"
Concrete Pouring,,SJL Const of TX LTD
Outdoor Music Venue,Application to renew annual outdoor music venue permit (venue formally known as Handle Bar).,Svalto LP
Government Amplified Sound,Charity benefit for Gulf Restoration Network,SHUCK SHACK
Concrete Pouring,,United Forming Inc
Advertising Sound Amplification,,The Electric Company
Concrete Pouring,"Type 2 permit needed for concrete installation during non-peak hours 3:00am - 6:00am on Friday, March 15, 2019.  Sound level not to exceed 78dBA as measured 75ft from the source of sound.  Sound and Light impact plan and evidence of notification to surrounding property representatives provided.  On site supervisor / superintendent: Trevor Turner (512)865-0075.",Holder Construction Company
Advertising Sound Amplification,,Takoba LLC
Advertising Sound Amplification,,Hill Country Weavers LLC
Outdoor Music Venue,Application for outdoor music venue permit for Green Light Social located on the 2nd floor.,Redrum Bar llc DBA Green Light Social
Concrete Pouring,,Beck Commercial Construction LLC
Concrete Pouring,"Type 2 permit needed for concrete installation of LEVEL 8.5 pour during non-peak hours from 12:00am - 6:00am on Friday, January 22nd, 2021 unless delayed.  Sound level not to exceed 78dBA as measured 75ft from the source of sound.  Sound and Light Management plan and evidence of notification to surrounding property representatives provided.  On site supervisor / superintendent: Greg Sullivan (832)478-7011 or (303)815-8562.",McClone Construction Company
Concrete Pouring,"Type 2 permit needed for concrete installation during non-peak hours on Monday morning, June 10th, 2024 starting at 12:01am unless delayed.  Sound level shall not exceed 78dBA measured 75ft from source of sound.  Sound and Light Management plan and confirmation that notification of the non-peak hour concrete pour will be provided to surrounding property owners and representatives as required per code.  On site supervisor / superintendent: Adam Mahmoud (512)230-6622 or Luis Garcia (281)222-8376.",JE Dunn Construction
Concrete Pouring,"Type 2 permit needed for concrete installation of Level 8 Pour 1 during non-peak hours from 12:00am to 7:00am on Saturday, September 5th, 2020 unless delayed.  Sound level shall not exceed 78dBA measured 75ft from source of sound.  Sound and Light Management plan and evidence of notification to surrounding property representatives provided.  On site supervisor / superintendent: Mike Alvarado (512)713-5917.",Keystone Concrete Placement
Concrete Pouring,,Harvey-Cleary Builders
Concrete Pouring,"*Pour postponed - permit no longer needed* Type 2 permit needed for concrete installation of TL38-2 during non-peak hours on Monday morning, October 30th, 2023 starting at 12:01am.  Sound level shall not exceed 78dBA measured 75ft from source of sound.  Sound and Light Management plan and confirmation that notification of the non-peak hour concrete pour will be provided to surrounding property owners and representatives as required per code.  On site supervisor / superintendent: Joe Smith (512)626-4460 or Brad Adams (512)677-1571.",JE Dunn
Government Amplified Sound,created in error,Cristo Rey Catholic Church
Private Sound Amplification,"Amplified sound permit for Lustre Pearl Rainey spring event in vacant lot March 8-16, 2019.",Dunlap-ATX
Outdoor Music Venue,,Cheer Up Charlies LLC
Advertising Sound Amplification,,Doc's Motorworks
Advertising Sound Amplification,,Freescale Semiconductor
Outdoor Music Venue,,J Blacks LP
Concrete Pouring,,"Austin Commercial, LP"
Government Amplified Sound,,Food Allergy & Anaphylaxis Network
Outdoor Music Venue,Application to renew annual outdoor music venue permit,Circuit of the Americas
Concrete Pouring,"Type 2 permit needed for concrete installation during non-peak hours from 12:00am - 6:00am on Wednesday, January 13th, 2021 unless delayed.  Sound level not to exceed 78dBA as measured 75ft from the source of sound.  Sound and Light management plan and evidence of notification to surrounding property representatives provided.  On site supervisor / superintendent: John Storey (512)820-8541.",Hensel Phelps Construction
Advertising Sound Amplification,,"W Hotel Management, Inc. dba W Austin"
Concrete Pouring,"Type 2 permit needed for concrete installation of L23 during non-peak hours from 1:00am to 7:00am on Friday morning, September 15th, 2023.  Sound level not to exceed 78dBA as measured 75ft from the source of sound.  Sound and Light management plan and evidence of notification to surrounding property representatives provided.  On site supervisor / superintendent: Salvador Rebollar (512)563-2138 or Jacob Velasco (469)289-8339.",Capform Inc
Government Amplified Sound,,Community Care
Concrete Pouring,,HENSEL PHELPS CONSTRUCTION CO
Advertising Sound Amplification,,"Three's Company, LLC ATTN: Charles Ferraro"
Outdoor Music Venue,,Snack Bar
Government Amplified Sound,,Red Licorice Events
Concrete Pouring,"Type 2 permit needed for concrete installation of Level 6 Pour 1 during non-peak hours starting at 12:00am on Wednesday, July 29th, 2020 unless delayed.  Sound level not to exceed 78dBA as measured 75ft from the source of sound.  Sound and Light Management plan and evidence of notification to surrounding property representatives provided.  On site supervisor / superintendent: Daron Ledwig 832-294-4175.",TAS Commercial Concrete Construction LLC
Outdoor Music Venue,,Sullivan's - Austin LP DBA Sullivan's Steakhouse
Concrete Pouring,,"United Forming, Inc."
Outdoor Music Venue,,"Fado Beverage Company, Inc. dba Fado Irish Pub"
Outdoor Music Venue,Application to renew annual Outdoor Music Venue permit.,Austin Icehouse
Concrete Pouring,,SJL CONST OF TX LTD
Private Sound Amplification,,Lustre Pearl
Advertising Sound Amplification,,COFFEE TRADERS INC DBA TEXAS COFFEE TRADERS
Concrete Pouring,,Largo Concrete
Private Sound Amplification,"Amplified sound permit for events on Friday, April 22, 2022 and Saturday, April 23, 2022.",Austin Community College
Outdoor Music Venue,,"Austin Hawk, LP dba The Mohawk"
Concrete Pouring,,W Hotels
Outdoor Music Venue,Application to renew annual music venue permit (for an indoor room with roll up garage doors that will be up during operating hours and closed after).,Hole In The Wall
Concrete Pouring,"Type 2 permit needed for concrete installation during non-peak hours from 12:00am - 6:00am on Thursday, September 29th, 2022 unless delayed.  Sound level not to exceed 78dBA as measured 75ft from the source of sound.  Sound and Light management plan and evidence of notification to surrounding property representatives provided.  On site supervisor / superintendent: Brantely Saye 706-540-6574 or Daniel Martinez (816)708-8668 or Ryan Siegwalt 512-318-0228 or Bryan Keene 512-541-6891 or Boyd Matthews 512-845-1671 or Eloy Puebla 737-247-0433.",JE DUNN CONSTRUCTION
Advertising Sound Amplification,SXSW Official,Vans
Outdoor Music Venue,,Speakeasy
Outdoor Music Venue,,Red Eyed Fly
Moving Vehicle,,Lloyd Doggett for Congress
Private Sound Amplification,,"C3 Presents, LLC"
Private Sound Amplification,,Blayne Tucker
Outdoor Music Venue,,Mueller Browning Hangar/Lake Park
Advertising Sound Amplification,,FLYING SAUCER
Concrete Pouring,"Type 1 permit needed for concrete placement during non-peak hours on Thursday, March 31st, 2022 from 7:00pm - 12:00am.  Sound level shall not exceed 83dBA measured 75ft from source of sound.  Sound and Light Management plan and confirmation from applicant that notification of the non-peak hour concrete pour will be provided to surrounding property owners and representatives as required per code.  On site supervisor / superintendent: Christian Valle (832)374-7173 or Seth Harper (513)460-3576 or Chad Cypher (832)849-7054 or Grayson Cate (281)627-1729.",Baker Concrete Construction
Outdoor Music Venue,,Kenny Dorham's Backyard
Advertising Sound Amplification,,Custom Tattoo's from the Soul
Outdoor Music Venue,,"Pluckers-Austin, No. 4, LP"
Advertising Sound Amplification,,Rally Marketing Group
Private Sound Amplification,,IRIE BEAN LLC
Outdoor Music Venue,,Carmack Concepts
Advertising Sound Amplification,,La Barbecue
Moving Vehicle,,CanWeNetwork LLC
Advertising Sound Amplification,,Mockingbird Collective
Outdoor Music Venue,Application to renew annual music venue permit.,Maggie Mae's
Private Sound Amplification,"Single day amplified sound permit for event on Saturday March 17, 2018 with sound from 2PM - 10PM.",Extra Positive Land LLC
Advertising Sound Amplification,,Wilson-Browning Productions
Outdoor Music Venue,Application to renew annual music venue permit.,Half Step
Advertising Sound Amplification,,"The Grackle ATX, LLC"
Advertising Sound Amplification,"Single day amplified sound permit for Earth Day Austin Festival on Saturday, April 27th, 2019 from Noon - 8PM.",Earth Day Austin
Advertising Sound Amplification,,"Fado Beverage Co, Inc DBA Fado's Irish Pub"
Advertising Sound Amplification,,Boomerang's Pies LLC
Outdoor Music Venue,,The Blackheart
Government Amplified Sound,Event benifiting The Thinkery (AKA Austin Childrens Museum),Clink Events
Advertising Sound Amplification,SXSW Official Event,C3 Presents
Outdoor Music Venue,,Botticelli's South Congress
Concrete Pouring,"Type 2 permit needed for concrete installation of Level 12 pool bottom frame during non-peak hours 3:00am - 6:00am on Tuesday, January 7th, 2020 unless delayed.  Sound level not to exceed 78dBA as measured 75ft from the source of sound.  Sound and Light Management plan and evidence of notification to surrounding property representatives provided.  On site supervisor / superintendent: Kevin Meredith (737)210-0990.",Rogers Obrien Const Co
Government Amplified Sound,,Thomas Wright
Outdoor Music Venue,,Easy Tiger
Outdoor Music Venue,,LW Southpark Inc
Outdoor Music Venue,Application to renew annual OMV permit,Hotel Vegas
Advertising Sound Amplification,,WARBY PARKER CITIZEN'S CIRCUS
Outdoor Music Venue,,Opal Divine's Penn Field
Concrete Pouring,"Type 2 permit needed for concrete installation during non-peak hours starting at 12:00am on Monday morning, March 28th, 2022 unless delayed.  Sound level not to exceed 78dBA as measured 75ft from the source of sound.  Sound and Light Management plan and confirmation from applicant that notification of the non-peak hour concrete pour will be provided to surrounding property owners and representatives as required per code.  On site supervisor / superintendent: Juan Navarro (512)417-2354.",United Forming
Outdoor Music Venue,,HILL'S CAFE
Outdoor Music Venue,Application for outdoor music venue permit at existing restaurant.,Nasha Restaurant
Outdoor Music Venue,,Star Bar
Advertising Sound Amplification,Single day amplified sound permit for temporary use / event (Annual Pool Party) in existing Palazio parking lot on 07/24/2016.,Palazio Men's Club
Advertising Sound Amplification,"Amplified sound permit for Reason Why Berlin @ Austin spring event March 10-11, 2018",Openers UG
Outdoor Music Venue,Application to renew annual music venue permit.,Hotel SJ Tenant Inc
Private Sound Amplification,"Single day amplified sound permit for Oracle Digital Campus Launch event on Thursday, March 22nd, 2018.",Hartman Studios
Concrete Pouring,"Type 2 permit needed for concrete installation of Topping Slab Pour LVL 2 during non-peak hours on Wednesday morning, July 12th, 2023 starting at 12:01am unless delayed.  Sound level shall not exceed 78dBA measured 75ft from source of sound.  Sound and Light Management plan and confirmation that notification of the non-peak hour concrete pour will be provided to surrounding property owners and representatives as required per code.  On site supervisor / superintendent: Jordan Worthington (512)484-4053.",Spawglass Contractors Inc
Advertising Sound Amplification,,Music Madness ATX.com
Outdoor Music Venue,,Austin Java Holdings LLC
Concrete Pouring,"Type 2 permit needed for concrete installation during non-peak hours 12:00am - 6:00am on Tuesday, August 6th, 2019 unless delayed.  Sound level not to exceed 78dBA as measured 75ft from the source of sound.  Sound and Light management plan and evidence of notification to surrounding property representatives provided.  On site supervisor / superintendent: Vince Odom (512)568-0129.",JE DUNN Construction
Advertising Sound Amplification,,Emo's Annex
Advertising Sound Amplification,,Empire Room
Private Sound Amplification,,Austin Speed Shop
Concrete Pouring,"Type 2 permit needed for concrete installation during non-peak hours from 1:00am to 7:00am on Thursday morning, July 7th, 2022 unless delayed.  Sound level not to exceed 78dBA as measured 75ft from the source of sound.  Sound and Light management plan and evidence of notification to surrounding property representatives provided.  On site supervisor / superintendent: Joey Dillard (214)697-7272 or Hunter Welch 512-586-0167.",The Beck Group
Concrete Pouring,,Rogers O'Brien Construction Company
Outdoor Music Venue,,Baby Acapulco Restaurant
Advertising Sound Amplification,,ScoreMore Holdings LLC
Private Sound Amplification,,BREWING  RE EQUIPMENT LP
Advertising Sound Amplification,SXSW Official Event,Palm Door on 6th
Advertising Sound Amplification,,Bounce Marketing and Events
Concrete Pouring,,Gilbane Building Company
Government Amplified Sound,Organized by Peak Performers (aka St Vincent De Paul Soceity),Peak Performers
Concrete Pouring,,Tribble & Stephens Construction
Government Amplified Sound,Event benefiting area artists,South Austin Museum of Popular Culture
Outdoor Music Venue,,Light Bar Terrace
Government Amplified Sound,,Lance Armstrong Foundation
Outdoor Music Venue,Application to renew annual music venue permit.,Little Woodrow's
Outdoor Music Venue,Application to renew annual music venue permit.,Craig Nasso Architects
Government Amplified Sound,,Cure Search for Children's Cancer
Outdoor Music Venue,Application for annual outdoor music venue permit.,Central Machine Works Brewery
Private Sound Amplification,"Sound permit for Thom's Market 10th anniversary event on Sunday, November 12th, 2017.",Thom's Market LLC
Concrete Pouring,"Type 3 permit needed for concrete installation during non-peak hours from 12:00am - 7:00am on Saturday, August 3rd, 2019 unless delayed.  Sound and Light Management plan and evidence of notification to surrounding property representatives provided. On site supervisor / superintendent: Rod Nelson (512)563-0594 and/or Mario Tlalticpac 512-563-0721.",Flintco
Outdoor Music Venue,Application to renew annual music venue permit.,Icenhauer's
Government Amplified Sound,,Health Alliance For Austin Musicians
Advertising Sound Amplification,,Transmission Events
Advertising Sound Amplification,,Oat Willies Ltd
Advertising Sound Amplification,"Single day amplified sound permit for Brews & Blue event on Sunday, March 10th, 2019 (3PM-6PM).",Texas Democratic Party
Outdoor Music Venue,,Agora Inc
Concrete Pouring,"Type 2 permit needed for concrete installation during non-peak hours 12:00am - 6:00am on September 30th, 2017 unless delayed. Sound level not to exceed 78dBA as measured 75ft from the source of sound.  Sound and Light impact plan and evidence of notification to surrounding property representatives provided.  On site supervisor /superintendent: Craig Henderson (512)578-9890",Austin Commercial
Outdoor Music Venue,Application to renew annual Outdoor Music Venue permit.,Bounce Events
Public Sound Amplification,Event for Non-Profit,Austin Empty Bowl Project
Outdoor Music Venue,,Frape Inc
Advertising Sound Amplification,,"Elm Restaurant Geoup, LLC"
Private Sound Amplification,,Texas Mutual Insurance Company
Private Sound Amplification,"Single day amplified sound permit for Private Party rehearsal dinner at Fresa's on Friday, 03/25/2022 from 5PM to 10PM.",Fresa's Dos LLC
Private Sound Amplification,,Butler Creative LLC
Outdoor Music Venue,,Threadgills
Advertising Sound Amplification,,Opal Divines
Government Amplified Sound,Provided Proof of Non-Profit Status,Solstice Austin/Dart Music International
Advertising Sound Amplification,,GREAT HILLS GOLF CLUB OF AUSTIN INC
Government Amplified Sound,,Centro De Alabanza El Camino Cristiano
Advertising Sound Amplification,,Weirdo's
Private Sound Amplification,Amplified sound permit for religious assembly use in commercial zoning.,Holy Vietnamese Martyrs Catholic Church
Advertising Sound Amplification,Moving vehicle amplified sound during SXSW (Bluesmobile),Media Mechanics Inc.
Advertising Sound Amplification,,Red Velvet Events Inc
Concrete Pouring,,Austin Commerical LP
Advertising Sound Amplification,"Single day amplified sound permit for event on May 21st, 2017 at Lustre Pearl East.",Lustre Pearl East
Public Sound Amplification,,"Cheer Up Charlies, LLC."
Outdoor Music Venue,Outdoor music venue,Molotov
Advertising Sound Amplification,Official SXSW Application.,High Beams Events
Outdoor Music Venue,,Michael Terrazas
Outdoor Music Venue,Application to renew annual outdoor music venue permit.,CIRCUIT OF THE AMERICAS LLC
Outdoor Music Venue,,Allan-Thrasher LLC
Advertising Sound Amplification,,Mobi
Concrete Pouring,,ROGERS - O'BRIEN CONSTRUCTION
Public Sound Amplification,,Congress Avenue Baptist Church
Government Amplified Sound,Event benefiting Austin Zambia,Dane Edwards for Austin Zambia
Outdoor Music Venue,Application to renew annual music venue permit.,Highland Lounge
Outdoor Music Venue,Application to renew annual music venue permit.,"Iron Cactus I, LP"
Concrete Pouring,,United Forming Inc.
Advertising Sound Amplification,,Mono
Advertising Sound Amplification,,Empire
Outdoor Music Venue,OMV renewal for Bangers.,Bangers Austin LP
Advertising Sound Amplification,,"Lacy Maxwell Productions, LLC"
Outdoor Music Venue,,Transmission Entertainment
Outdoor Music Venue,Application to renew annual music venue permit.,THE DOGWOOD
Private Sound Amplification,,Bennie Guerra
Outdoor Music Venue,,"J. Black's, LP"
Outdoor Music Venue,,TEST Bar Group LLC
Advertising Sound Amplification,,Realty Austin
Outdoor Music Venue,Changed to 96 hour permit,Club Primo's LLC
Advertising Sound Amplification,,Great Hills Cntry Clb
Outdoor Music Venue,,Opal Divine's Freehouse
Advertising Sound Amplification,Notification fee paid under SO-2010-0053M,El Tejano
Private Sound Amplification,"Single day amplified sound permit for ATX Fall Startup Crawl event on Thursday, October 12th, 2017.",RED VELVET EVENTS INC
Outdoor Music Venue,Application to renew annual Outdoor Music Venue permit.,Unbarlievable
Outdoor Music Venue,,Heard Entertainment Texas LLC
Advertising Sound Amplification,,Insights N America
Advertising Sound Amplification,,University Co-Op
Outdoor Music Venue,Application to renew annual music venue permit.,Fair Market
Concrete Pouring,"Type 2 permit needed for concrete installation during non-peak hours from 12:00am - 6:00am on Tuesday, April 14th, 2020 unless delayed.  Sound level not to exceed 78dBA as measured 75ft from the source of sound.  Sound and Light management plan and evidence of notification to surrounding property representatives provided.  On site supervisor / superintendent: Cody King (281)793-6689 or Ticer Havens (512)592-8870.",JE Dunn Construction ***MAIN***
Outdoor Music Venue,Application to renew annual Music Venue Permit.,Realhart LLC
Government Amplified Sound,,HOLY CROSS LUTHERAN CHURCH
Outdoor Music Venue,,Home Slice Pizza
Outdoor Music Venue,Application to renew annual Music Venue permit.,Pop
Private Sound Amplification,"Amplified sound permit for private wedding event on Saturday, April 22nd, 2023 at Fresa's with amplified sound from 5:00PM to 10:00PM.",Fresa's Dos
Outdoor Music Venue,,LOVE GOAT
Government Amplified Sound,Event benefiting St. Elias Antiochian Orthodox Church,St. Elias Orthodox Church
Advertising Sound Amplification,,The Blackheart Bar
Advertising Sound Amplification,,Central Market
Outdoor Music Venue,Applicant surrendered permit 5/21/2013,SRBR Austin LLC
Outdoor Music Venue,Renewal OMV permit application for the Rio.,Rio Equity LLC
Private Sound Amplification,,Ethan Lee Smith
Advertising Sound Amplification,"Amplified sound permit for TeamWorkTour Klaxoon March 8-9, 2019.",Klaxoon
Private Sound Amplification,,Castle Hill Fitness
Advertising Sound Amplification,,C3 Presents LLC
Concrete Pouring,,SJL Const Of TX  LTD
Advertising Sound Amplification,,ETHAN SMITH
Outdoor Music Venue,,DiverseArts Culture Works
Public Sound Amplification,Moving Vehicle permit,TRAVIS COUNTY DEMOCRATIC PARTY
Government Amplified Sound,Non-Profit status verified via IRS website.,Mexic-Arte Museum
Advertising Sound Amplification,,BAR NINETY SIX AUSTIN LLC
Private Sound Amplification,"Amplified sound permit for Pledge World event in portion of parking area March 14-16, 2019.",Because Experiential Marketing
Government Amplified Sound,,Rainforest Partnership
Outdoor Music Venue,Renewal OMV application for Rain on 4th.,Rain on 4th
Private Sound Amplification,"Amplified sound permit for private wedding rehearsal dinner event on Friday, October 25th, 2024 at Fresa's with amplified sound from 5:00PM to 10:00PM.",Fresa's South First
Outdoor Music Venue,Withdrawn by applicant 7/9/15.,LifeAustin Inc
Advertising Sound Amplification,,Doc's Motorworks Bar & Grill
Advertising Sound Amplification,,Tasty Healthy Meals DBA Mel's Meals
Outdoor Music Venue,Application to renew annual Outdoor Music Venue permit.,Banger's Austin
Private Sound Amplification,,High Beam Events
Advertising Sound Amplification,,CHERRYWOOD COFFEEHOUSE
Advertising Sound Amplification,SXSW Official Event,Stump Fluff LLC-SETTLEMENT ACCOUNT
Advertising Sound Amplification,Applicant never picked up permit,Citygram Magazine
Moving Vehicle,,Heroinside.org
Private Sound Amplification,"Single day amplified sound permit for Copa Mundial event in portion of Ojos Locos private parking lot on Sunday June 17, 2018.",Ojos Locos Sports Cantina
Outdoor Music Venue,Application to renew annual music venue permit.,Concrete Cowboy
Outdoor Music Venue,Application to renew annual music venue permit.,Codependent Cocktails & Coffee
Private Sound Amplification,,"C3 Presents, LLC  Shows Account"
Advertising Sound Amplification,,Arthouse At The Jones Center
Outdoor Music Venue,Application for Outdoor Music Venue permit.,MIDAS WILLUM HOLDINGS
Outdoor Music Venue,Application to renew annual music venue permit.,Holmes LFC INC  DBA LUCYS FRIED CHICKEN
Advertising Sound Amplification,,COWBOY HARLEY-DAVIDSON OF AUSTIN
Government Amplified Sound,,Mountian Gorilla Conservation Fund
Public Sound Amplification,,Proarts Collective
Private Sound Amplification,"Amplified sound permit for Eastside Kings 2 day event on September 10th-11th, 2022.",EASTSIDE KINGS FOUNDATION
Concrete Pouring,,D.E. Harvey Builders
Private Sound Amplification,,Five O One Ent.
Outdoor Music Venue,Application to renew annual Music Venue Permit.,Tipsy Alchemist
Advertising Sound Amplification,,"TAKOBA, LLC-BAR"
Government Amplified Sound,,Sideluck Potshow Inc
Advertising Sound Amplification,,Mean Eyed Cat Group
Private Sound Amplification,"Amplified sound permit for Stranahan's Whiskey Peak event on Saturday, May 18, 2019.",Imprint Projects
Advertising Sound Amplification,"Amplified sound permit for 2 day Rhyme Time Fest event Saturday May 20th and Sunday May 21st, 2017.",Kick Butt Coffee LLC
Concrete Pouring,,Austin Commercial LP
Outdoor Music Venue,,Zed's Restaurants LP
Outdoor Music Venue,,Pine Street Station
Concrete Pouring,"Type 2 permit needed for concrete installation during non-peak hours between 2am - 7am on Tuesday morning, May 2nd, 2023 unless delayed.  Sound level not to exceed 78dBA as measured 75ft from the source of sound.  Sound and Light Management plan and confirmation from applicant that notification to surrounding property representatives will be provided as required.  On site supervisor / superintendent: Travis Hofmann 512-630-5220.",Pravo Construction
Private Sound Amplification,,Mellow Johnny's LLC
Outdoor Music Venue,,TenOak
Private Sound Amplification,"Amplified sound permit for SxSoLa Block Party event in portion of NadaMoo's private parking lot on Friday, March 15th, 2019.","NadaMoo R&D Room, LLC"
Outdoor Music Venue,Application to renew annual music venue permit,La Condesa
Government Amplified Sound,Event for Religious Assembly,Jesus Is Alive Ministries
Private Sound Amplification,,HOH Creative Group
Advertising Sound Amplification,,Revival Cycles Inc
Outdoor Music Venue,,North by Northwest Slaughter
Government Amplified Sound,,YMCA of Austin
Moving Vehicle,,"CANWEMEET, LLC"
Advertising Sound Amplification,,"Phil's Ice House,Inc"
Advertising Sound Amplification,St. Patrick's Day event,The Dog & Duck Pub
Advertising Sound Amplification,,CD City Inc DBA Encore Records
Public Sound Amplification,,"Pecan Street Project, Inc."
Advertising Sound Amplification,,Habana Annex
Advertising Sound Amplification,,"ACR ENGINEERING, INC."
Outdoor Music Venue,,Red Shed Tavern
Concrete Pouring,,Capform
Private Sound Amplification,"Single day amplified sound permit for HomeAway partner event on October 6th, 2016 on roofdeck.",HomeAway
Private Sound Amplification,"Single day amplified sound permit for Yard Bar anniversary party on Sunday, September 30, 2018.",Yard Bar Burnet LLC
Outdoor Music Venue,,LITTLE WOODROW'S HOLDING INC
Outdoor Music Venue,Application to renew annual music venue permit.,Penchant Capital LLC
Advertising Sound Amplification,,Bird's Barbershop
Private Sound Amplification,,Republican Party Of Texas
Outdoor Music Venue,,Vince Young Steakhouse
Advertising Sound Amplification,"Single day amplified sound permit for Chinese New Year event on Feb 5th, 2017.",Helix Management
Public Sound Amplification,,Nicholas Wingate
Advertising Sound Amplification,,Whole Foods Market
Private Sound Amplification,"Single day amplified sound permit for Fall Startup Crawl at Capital Factory on Thursday, October 4th, 2018.",Capital Factory
Advertising Sound Amplification,,Laced with Romance Vintage
Advertising Sound Amplification,"84th annual St. Elias Mediterranean Festival with two days of amplified sound (September 23rd and 24th, 2016)",ST ELIAS ORTHODOX CHURCH
Outdoor Music Venue,Application to renew annual outdoor music venue permit,Hajjar / Peters LLP
Advertising Sound Amplification,SXSW Official Event,Hadley Media
Advertising Sound Amplification,,LOMOGRAPHIC CORPORATION
Private Sound Amplification,"Amplified sound permit for 4-day event March 14-17, 2018.",47thriiifts
Outdoor Music Venue,Application to renew annual outdoor music venue permit.,"Stubb's Austin Restaurant Company, LC"
Outdoor Music Venue,Application to renew annual Music Venue permit.,Micheladas LLC
Outdoor Music Venue,,Copa Bar & Grill
Advertising Sound Amplification,,Lifetime Fitness
Outdoor Music Venue,Application to renew annual music venue permit.,The Contemporary Austin
Advertising Sound Amplification,Notification fee paid under SO-2010-0090M,Tiniest Bar in Texas
Moving Vehicle,,Ionrepublic LLC
Outdoor Music Venue,Renewal OMV application,Heard Entertainment Texas  LLC
Outdoor Music Venue,Application to renew annual Outdoor Music Venue permit.,Soho House & Co
Outdoor Music Venue,notification fee paid under #12-009379,"AUSTIN SYMPHONY OCHESTRE SOCIETY, INC."
Outdoor Music Venue,Applicant withdrew application to pursue temp permit.,THE FORT
Government Amplified Sound,Fundraiser for non-profit orginization,Chula League
Advertising Sound Amplification,,Gypsy Lounge
Outdoor Music Venue,Application for annual music venue permit. (location of former J Blacks venue located on 1st floor; below the ranch),Valhalla Esports Lounge
Advertising Sound Amplification,,Hewlett Packard Company
Advertising Sound Amplification,,The Campus Agency
Outdoor Music Venue,,RED 7
Advertising Sound Amplification,,Papa Tino's
Outdoor Music Venue,Application for annual music venue permit.,Dainty Dillo LLC
Private Sound Amplification,,Kung Fu Saloon
Outdoor Music Venue,,Kebabalicious
Outdoor Music Venue,Application to renew annual music venue permit.,Voodoo Room
Outdoor Music Venue,Application to renew annual music venue permit.,The Aquarium on east 6th
Outdoor Music Venue,Application to renew annual music venue permit.,Friends Bar
Outdoor Music Venue,,"Beerland, LLC"
Advertising Sound Amplification,,"Urban Infill Partnership, L.P."
Outdoor Music Venue,,Darwin's Pub
Outdoor Music Venue,,PAPI TINO'S LLC
Government Amplified Sound,,Downtown Austin Alliance
Advertising Sound Amplification,,Austin Police Community Liaison Corporation
Advertising Sound Amplification,,Waterloo Records & Video Inc
Private Sound Amplification,,Conjunctured Coworking
Advertising Sound Amplification,,Hecho En Mexico
Advertising Sound Amplification,Apparition Skateboards private party 04/22/2014.,Apparition Skateboard
Government Amplified Sound,,Leukemia & Lymphoma Society
Outdoor Music Venue,,Lanai
Outdoor Music Venue,,**MAIN
Outdoor Music Venue,,Whip In
Outdoor Music Venue,Application to renew annual music venue permit.,Bunkhouse Group
Concrete Pouring,,Burt-Watts
Outdoor Music Venue,Application to renew annual music venue permit.,RA Sushi
Outdoor Music Venue,Application to renew annual Music Venue permit.,FBR Management
Outdoor Music Venue,Renewal OMV application for B.D. Rileys Pub.,B.D. Riley's Pub
Public Sound Amplification,,St. Vincent de Paul Stores of Austin/Freebirds Music
Outdoor Music Venue,Application to renew annual music venue permit.,Mohawk
Government Amplified Sound,Benefit for HAAM,Health Alliance for Austin Musicians
Advertising Sound Amplification,"Multi-day amplified sound permit for VICELAND event in portion of Carmelo's parking lot March 9-12, 2019.","Turnkey Dot, LLC"
Private Sound Amplification,,FRESAS CHICKEN AL CARBON LLC
Private Sound Amplification,,JJG Sixth Group Inc. dba Union Park
Advertising Sound Amplification,,New Creatures
Outdoor Music Venue,,Bangers Sausage House & Beer Garden
Outdoor Music Venue,,2905 Pearce Road LLC
Advertising Sound Amplification,,Clive Bar Austin LLC
Advertising Sound Amplification,,Weirdos
Outdoor Music Venue,Application to renew annual Music Venue permit.,Baby Acapulco Restaurants
Advertising Sound Amplification,,Resplendent Hospitality
Outdoor Music Venue,Application to renew annual music venue permit.,Mayfair Austin
Outdoor Music Venue,,"Jovita's, Inc."
Advertising Sound Amplification,,Hospira Inc
Outdoor Music Venue,Application to renew annual outdoor music venue permit.,Juliet Italian Kitchen
Government Amplified Sound,,Austin Boys & Girls Club Foundation
Government Amplified Sound,Permit for non-profit St Edwards University.,St Edwards Univ
Private Sound Amplification,"Wedding reception featuring a live band at Westwood Country Club on June 27th, 2015.  Reception will take place on the deck above the boat marina with 10:00pm amplified sound cutoff time and sound limited to 75dBA.",Westwood Country Club
Outdoor Music Venue,,"Guero's Restaurant, Inc."
Public Sound Amplification,"""Birdhouse""",The Birdhouse
Concrete Pouring,,"Capform, Inc"
Advertising Sound Amplification,,"FAMSA, INC."
Outdoor Music Venue,Application to renew OMV permit.,KEBABALICIOUS
Outdoor Music Venue,Application to renew annual outdoor music venue permit.,Stubb's Bar-B-Q
Outdoor Music Venue,,"Freddy's On South First, Ltd"
Private Sound Amplification,,AAPC
Advertising Sound Amplification,,Music Gym
Advertising Sound Amplification,,Austin American Stateman
Advertising Sound Amplification,,Shake Shack
Private Sound Amplification,"Amplified sound permit for 4-day event March 13-16, 2025.",Cherrywood Coffee House
Private Sound Amplification,"Single day amplified sound permit for Neighborhood Block Party event in Austin Baptist Church private parking lot on Friday, April 13, 2018.",Austin Baptist Church
Outdoor Music Venue,,Afshin Inc
Outdoor Music Venue,,"Little Woodrow's Holdings, Inc., DBA LITTLE WOODROWS"
Advertising Sound Amplification,"Sound permit for Lustre Pearl Rainey spring event in vacant lot March 9-17, 2018.",SLTBMF LLC
Outdoor Music Venue,Application to renew annual OMV permit.,Cedar Street Courtyard
Private Sound Amplification,"Single day amplified sound permit for Mighty Texas Dog Walk on Saturday, March 24th, 2018.",Roadway Productions
Advertising Sound Amplification,,Tiniest Bar In Texas
Outdoor Music Venue,Application to renew annual music venue permit,Belmont Austin Beverage Company LLC
Private Sound Amplification,,Lightning Mfg.
Advertising Sound Amplification,,Top Notch Burgers
Outdoor Music Venue,,The Porch at Austin City Limits Live
Outdoor Music Venue,,Chupacabra
Advertising Sound Amplification,,Blue Starlite Mini-urban Drive-In
Concrete Pouring,"Type 2 permit needed for concrete installation during non-peak hours from 12:00am - 6:00am on Thursday, July 7th, 2022 unless delayed.  Sound level not to exceed 78dBA as measured 75ft from the source of sound.  Sound and Light management plan and confirmation from applicant that notification will be provided to surrounding property representatives as required.  On site supervisor / superintendent: Augi Sustaita 512-757-9059.",RSI Concrete
Outdoor Music Venue,,Beauty Bar
Private Sound Amplification,"Amplified sound permit for small Makers Market event in portion of Texas Coffee Traders private property on Saturday, May 28th, 2022 from 10am - 1pm.",Texas Coffee Traders
Outdoor Music Venue,,1530 Barton Springs LP
Outdoor Music Venue,,LARRAND LLC DBA OILCAN HARRY'S
Advertising Sound Amplification,,Giant Noise LLC
Outdoor Music Venue,Application to renew annual music venue permit.,Pouring With Heart
Concrete Pouring,,JE Dunn Construction Company
Private Sound Amplification,"Single day sound permit for Chinatown Center's Day of the Dog Celebration on February 25, 2018.",CBJS CHINATOWN CENTER LLC
Private Sound Amplification,"Single day amplified sound permit for Silverton Partners Annual Open House event on Thursday, November 9, 2017.",Silverton Management LLC
Outdoor Music Venue,Appling for Annual Outdoor Music Venue permit,JP SOUND
Outdoor Music Venue,,Scoot Inn-Austin LLC
Advertising Sound Amplification,,COAT & THAI HALLOWEEN BASH
Government Amplified Sound,"Amplified Sound Permit "" In Mammary of MOM""",IN Mammary of MOM
Private Sound Amplification,"Amplified sound permit for multiday outdoor amplified sound at Kellys Irish Pub outdoor patio March 13-17, 2025.",Kellys Irish Pub
Advertising Sound Amplification,,Tamale House East
Advertising Sound Amplification,,The Original Hoffbrau Steakhouse
Outdoor Music Venue,Application to renew annual OMV permit.,3XM Ventures LLC
Outdoor Music Venue,Application to renew annual music venue permit.,Shakespeare's Pub
Outdoor Music Venue,Application to renew annual music venue permit.,Shangri-La
Advertising Sound Amplification,,Jack and Gingers
Advertising Sound Amplification,,"Weird Times, LLC"
Advertising Sound Amplification,Single day amplified sound permit for Barley Bean by Mour grand opening on 09/22/2016.,Slutsky Mickel LLC
Outdoor Music Venue,Application to renew annual outdoor music venue permit.,New Moon Group LLC DBA Reina
Advertising Sound Amplification,,Jo's Coffee
Advertising Sound Amplification,,The Gingerman
Advertising Sound Amplification,"Multiday sound permit for event event March 11th - 14th, 2017.","Resonator Experience Agency, LLC"
Outdoor Music Venue,,"Shady Grove, Inc."
Outdoor Music Venue,Application to renew annual OMV permit.,92 Rainey Group LLC
Advertising Sound Amplification,"Single day amplified sound permit for LG TOUR outdoor event in portion of parking lot on Saturday, December 9th, 2017.","Coast to Coast Permits, LLC"
Advertising Sound Amplification,,www.weare78704.com
Outdoor Music Venue,,1530 Barton Springs LLC
Private Sound Amplification,Notification fee paid under #12-017401 entered as advertising instead of private party.,ATX Sounds
Private Sound Amplification,"Sound permit for 3 days of amplified sound at Zilker Brewing March 15-17, 2018.",Zilker Brewing Company
Outdoor Music Venue,Application to renew annual OMV permit.,TEXAS AMP LTD DBA THE GINGER MAN
Private Sound Amplification,"Single day amplified sound permit for event on October 21, 2017 at the Natural Gardener.",The Natural Gardener
Outdoor Music Venue,Application to renew annual OMV permit.,The Parlor Room
Advertising Sound Amplification,,Club 1808
Advertising Sound Amplification,SXSW Official Event,PADRE
Government Amplified Sound,Event benefiting Soldiers Angels,Soldiers Angels
Private Sound Amplification,"Single day amplified sound permit for company party on Saturday, April 29th, 2017.",Surf LLC
Outdoor Music Venue,,Rattle Inn Austin LLC
Advertising Sound Amplification,,Oribit Salon LLC
Government Amplified Sound,,Horseshoe Lounge
Advertising Sound Amplification,,HEAVY METAL BBQ
Advertising Sound Amplification,,Big Red Sun Austin LLC
Government Amplified Sound,Event benefiting the Austin Film Society,Austin Film Society
Outdoor Music Venue,Application to renew annual outdoor music venue permit.,"Uncle Billy's Taproom, LLC"
Outdoor Music Venue,Application for annual outdoor music venue permit.,Texmex Rainey LLC
Advertising Sound Amplification,"Single day amplified sound permit for Birds Barbershop presents West Fest on Sunday, April 29, 2018.","Foster ATX, LLC"
Advertising Sound Amplification,,Live Oak Brewing Company LC
Public Sound Amplification,,Catellus Development Group
Private Sound Amplification,"Amplified sound permit for Latin American Cultural Showcase 2019 spring event March 14-16, 2019.",La Frenetika Music LLC
Government Amplified Sound,,Juvenile Diabetes Research Foundation
Outdoor Music Venue,Application to renew annual music venue permit.,Rally in the Ally DBA Speakeasy
Government Amplified Sound,,Mother Egans Irish Pub
Outdoor Music Venue,,Paggi Acquisition LLC
Advertising Sound Amplification,"Amplified sound permit for 'Bud Light Dive Bar Tour' 2-day event March 14-15, 2019.",ENGINE SHOP II LLC
Outdoor Music Venue,,The Upper Decks
Advertising Sound Amplification,,Budget Inn Motel
Outdoor Music Venue,,"Independent Bar Austin, LLC."
Outdoor Music Venue,,Holy Mountain
Advertising Sound Amplification,,Texanza Coffee
Outdoor Music Venue,,Curiosity That Killed The Cat Inc. DBA Taco X-Press
Outdoor Music Venue,***VOID - SEE 2017-152330-SO*** Renewal OMV application for Moose Knuckle Pub.,411 First Floor Inc.
Advertising Sound Amplification,Application withdrawn by applicant.,G & S Lounge
Moving Vehicle,,JW Marriott Austin
Advertising Sound Amplification,,Equality Texas
Outdoor Music Venue,Application to renew annual music venue permit.,"Heartfelt Hospitality, LLC. (Irene's)"
Advertising Sound Amplification,,Flipnotics
Advertising Sound Amplification,,Hahn Public Communications
Government Amplified Sound,,Chinmaya Mission Austin
Advertising Sound Amplification,,Sackman Enterprises
Advertising Sound Amplification,,"Stinger Promotions, Inc."
Advertising Sound Amplification,,Bennett Consulting
Outdoor Music Venue,,ACL Live
Outdoor Music Venue,,STUBB'S AUSTIN RESTAURANT COMPANY LC
Government Amplified Sound,Benifiting Austin Pets Alive***Created in error... See,Austin Pets Alive
Concrete Pouring,,Balfour Beatty Construction
Private Sound Amplification,Concert,Event Production Services LLC
Private Sound Amplification,,RECLAIMED SPACE
Outdoor Music Venue,Application to renew annual outdoor music venue permit.,Image General Contracting
Outdoor Music Venue,,Spider House
Advertising Sound Amplification,"Multi-day sound permit for 606 Courtyard Activation with amplified sound on March 11th, 14th, 16th, and 17th, 2017.",MKTG Inc
Outdoor Music Venue,DENIED permit due to illegal venue - Code Violations - Application for annual music venue permit,Plaza Colombian Coffee
Government Amplified Sound,Event for Religious Assembly use.,San Jose Catholic Church
Private Sound Amplification,"Single day sound permit for private event on Thursday, October 12th, 2017.","LUNA SERVICES, LLC 360 VALET"
Outdoor Music Venue,,"LW Southpark, Inc -DBA LITTLE WOODROW'S SOUTHPARK"
Advertising Sound Amplification,,Stargayzer Events LLC
Advertising Sound Amplification,,Billy Reid
Public Sound Amplification,,A Chance To Rock
Advertising Sound Amplification,,Ncompass International Inc
Outdoor Music Venue,Changed to a multi-day permit #12-023171,THE GINGER MAN
Outdoor Music Venue,Application to renew annual Outdoor Music Venue permit.,Jacoby Restaurant Group LLC
Advertising Sound Amplification,,Hotel San Jose
Private Sound Amplification,,"C3 PRESENTS, LLC"
Concrete Pouring,,JE Dunn Consturction
Concrete Pouring,"Type 2 permit needed for concrete installation during non-peak hours from 12:00am - 6:00am on Monday, September 23rd, 2019.  Sound level not to exceed 78dBA as measured 75ft from the source of sound.  Sound and Light management plan and evidence of notification to surrounding property representatives provided.  On site supervisor / superintendent: Carlos Hernandez (512)527-4852.  Applicant: Chris Neal (973)985-0739.  On site concrete placement contact: _______",Rogers  O'Brien Construction
Advertising Sound Amplification,"Single day sound permit for color run/walk event on March 12th, 2017.",Sankara Eye Foundation
Outdoor Music Venue,Application to renew annual Music Venue permit.,Pursuit-Concepts
Public Sound Amplification,"Single day sound permit for Austin Oyster Festival on February 24, 2018.",787 Productions LLC
Outdoor Music Venue,,"Beck & Bob's, LLC"
Government Amplified Sound,,Fuse Box Austin
Advertising Sound Amplification,,Google Fiber Inc
Advertising Sound Amplification,,Billboard.com
Advertising Sound Amplification,,Univision
Private Sound Amplification,,Delfina Ortiz
Advertising Sound Amplification,,Casa Chapala Mexican Grill
Advertising Sound Amplification,,"Service Dogs, Inc"
Outdoor Music Venue,Application to renew annual music venue permit.,Woody's Brands LLC
Government Amplified Sound,,Foundation Christian Ministries
Private Sound Amplification,"Single day amplified sound permit for Sunday Funday Festival to benefit Austin Pets Alive on Sunday, June 3, 2018.","Day Cable Company, inc."
Private Sound Amplification,,Clink LLC
Outdoor Music Venue,Application to renew annual Music Venue permit.,City of Austin - Austin Public Library
Outdoor Music Venue,Venue underwent CHOW. New owner will reapply when ready to obtain permit.,MEAN-EYED CAT
Government Amplified Sound,,Inglecia Evangelica El Remanente De Dios
Advertising Sound Amplification,,GSD&M
Outdoor Music Venue,,Beck and Bobs LLC
Government Amplified Sound,,Six Cactus Productions
Outdoor Music Venue,Application to renew annual music venue permit.,Key Bar
Concrete Pouring,"Type 2 permit needed for concrete installation during non-peak hours starting at 1:00am on Tuesday morning, May 31st, 2022 unless delayed.  Sound level not to exceed 78dBA as measured 75ft from the source of sound.  Sound and Light management plan and evidence of notification to surrounding property representatives provided.  On site supervisor Matt Luchak 832-244-3474 or Eugene Schultze 210-286-2707 or Stephen Mery 210-831-9712.","HC Beck, LTD."
Private Sound Amplification,"Single day amplified sound permit for Porsche 70th Anniversary private event in portion of Barton Creek Square Mall parking lot on Saturday, June 9, 2018.",Lee Tilford Agency
Private Sound Amplification,"Single day amplified sound permit for annual Hillfest event on Friday, September 7, 2018.",St. Edwards Univ
Outdoor Music Venue,Application to renew annual music venue permit.,"Rio Equity, LLC"
Government Amplified Sound,,Austin New Church
Advertising Sound Amplification,,IRL Productions
Advertising Sound Amplification,SXSW Official,Complex
Advertising Sound Amplification,,Good Thyme Cafe
Outdoor Music Venue,,Wonderland Austin
Advertising Sound Amplification,"Multi-day amplified sound permit for LIVE NATION event March 15th - 18th, 2017.",Live Nation
Private Sound Amplification,,Frontera Security And Investigation
Outdoor Music Venue,Application to renew annual music venue permit.,Austin Eastciders
Private Sound Amplification,Gallery Opening,KLEINMAN MICHAEL
Outdoor Music Venue,,SHADY SEVEN LLC
Outdoor Music Venue,Application to renew annual Outdoor Music Venue permit.,Pelons/508 - Austin LLC
Outdoor Music Venue,,Circuit of the Americas LLC
Outdoor Music Venue,,The 311 Club
Private Sound Amplification,"Amplified sound permit for annual fall festival at St. Paul Catholic Church October 22-23, 2021",St. Paul Catholic Church
Advertising Sound Amplification,,Metal Morgue Productions LLC
Advertising Sound Amplification,,Bangers Austin Lp
Outdoor Music Venue,Application to renew annual music venue permit.,Mueller Master Community
Outdoor Music Venue,Application for annual music venue permit.,H-E-B
Public Sound Amplification,"Amplified sound permit for P & W spring event March 16-17, 2019 in lawn area of the Church on Congress.",CABC Ministry Investments Inc.
Private Sound Amplification,,Butler Creative LLC DBA The Butler Bros.
Private Sound Amplification,,Sustain Inc
Outdoor Music Venue,Application for annual music venue permit.,Rock House Bar & Trailer Park
Public Sound Amplification,"Amplified sound permit for Keep Austin Beautiful and Earth Day Austin events on April 14 & 29, 2018.",Keep Austin Beautiful Inc
Private Sound Amplification,,1717 LTD
Advertising Sound Amplification,"Single day amplified sound permit for King Pong Tournament event on Thursday November 10th, 2016.",Handsome
Government Amplified Sound,,Taco Deli
Advertising Sound Amplification,,Sherbert Laughs Round 2
Concrete Pouring,Type 3 permit needed for concrete installation during non-peak hours from 11/20/2020 10:00pm -Saturday  11/20/20 unless delayed.  Sound level not to exceed 78dBA as measured 75ft from the source of sound.  Sound and Light management plan and evidence of notification to surrounding property representatives provided. On site Supervisor- Federico Jimenez  512-968-5116,Stewart Builders
Outdoor Music Venue,,Scoot Inn
Advertising Sound Amplification,,Simon Property Group
Outdoor Music Venue,,Michelada's
Outdoor Music Venue,Application to renew annual outdoor music venue permit.,Electric Shuffle USA
Advertising Sound Amplification,,Old Pecan Enterprises Inc
Advertising Sound Amplification,,Jaimes Partners LLC Spanish Village
Advertising Sound Amplification,,UNIVERSAL CONSULTING GROUP
Government Amplified Sound,Sound permit for non-profit Foundation Communities.,Foundation Communities
Advertising Sound Amplification,,PUMA SOCIAL CLUB
Outdoor Music Venue,,Rooftop on Sixth LLC
Private Sound Amplification,"Single day amplified sound permit for private company employee appreciation event on Thursday, May 10, 2018.",DHI Mortgage
Concrete Pouring,"Type 2 permit needed for concrete installation during non-peak hours from 1:00am to 7:00am on Saturday, August 28th, 2021 unless delayed.  Sound level shall not exceed 78dBA measured 75ft from source of sound.  Sound and Light Management plan and evidence of notification to surrounding property representatives provided.  On site supervisor / superintendent: Bill Purvis (512)822-7403 or (512)677-1726.","Flintco, LLC"
Outdoor Music Venue,,Larrand
Private Sound Amplification,,"Zoe's Texas , LLC."
Outdoor Music Venue,,Annie's West
Advertising Sound Amplification,,The Ginger Man
Outdoor Music Venue,Application for annual outdoor music venue permit.,Cosmic Coffee and Beer Garden
Government Amplified Sound,Event for Non-Profit No Mondays Productions Inc,A Television Experience Foundation
Outdoor Music Venue,Application to renew annual music venue permit.,"Corner West 3, LLC"
Outdoor Music Venue,Application for outdoor music venue permit.,Rosewood
Private Sound Amplification,,Hot Rod Revolution
Advertising Sound Amplification,,Haymaker
Outdoor Music Venue,,Baby Acapulco Mexican Restaurant
Advertising Sound Amplification,,Casa Colombia
Outdoor Music Venue,Formerly Gypsy Lounge; no change of ownership.,Beck and Bob's LLC
Advertising Sound Amplification,,Next Level ACC
Private Sound Amplification,"Amplified sound permit for Greater Then Distribution event March 9th-13th, 2025 in the plaza area north of the Austin Convention Center and south of Brush Square Park.",Greater Than Distribution
Outdoor Music Venue,Application to renew music venue permit,Recess Arcade Bar LLC
Outdoor Music Venue,,Austin Live Amphitheater
Outdoor Music Venue,,Revival Public House
Government Amplified Sound,11th st in front of capital will use small battery operated sound system to amplify leaders of prayers,Catholic Diocese of Austin
Advertising Sound Amplification,,Personal Adornments
Government Amplified Sound,,Ladies are Funny Festival
Outdoor Music Venue,,"Juniper, LTD dba Cedar Street Courtyard"
Outdoor Music Venue,Application to renew annual outdoor music venue permit.,Parlor & Yard LLC
Advertising Sound Amplification,,American Youth Works
Advertising Sound Amplification,,BFG Communications
Advertising Sound Amplification,,Jasac Family Clothing
Advertising Sound Amplification,,Michelle Anthony
Advertising Sound Amplification,,Jump On It Community Outreach
Outdoor Music Venue,,The Gatsby
Advertising Sound Amplification,,The Michael Alan Group
Outdoor Music Venue,Application for annual music venue permit.,The Rooftop on Sixth LLC
Private Sound Amplification,"Multi-day amplified sound permit for YETI Music Showcase in Hyatt Regency lawn area near Barton Springs Road March 13-16, 2019.",YETI Coolers
Advertising Sound Amplification,Single day sound permit for Netspend BBQ cook-off event on 11/18/2016.,Netspend Corporation
Advertising Sound Amplification,,WeAre78704Com
Advertising Sound Amplification,Official SXSW Event,InCharge Entertainment Marketing
Outdoor Music Venue,,EGLI ENTERPRISES LLC
Public Sound Amplification,,KUT Radio-UT Austin
Government Amplified Sound,Event benefiting Ronald McDonald House,"Bounce Marketing & Events, LLC"
Outdoor Music Venue,,Zed's Restaurant LP
Outdoor Music Venue,Application to renew annual music venue permit.,Hangar Lounge
Outdoor Music Venue,,Sixth Street Partners LLC DBA Lux Lounge
Private Sound Amplification,,Rooster Teeth Production
Advertising Sound Amplification,,TMF X 4
Outdoor Music Venue,,Austin Christian Fellowship
Advertising Sound Amplification,,San Jose Partners LP
Advertising Sound Amplification,,FROST BANK PLAZA
Public Sound Amplification,,ACC JUNETEENTH CELEBRATION
Outdoor Music Venue,Application to renew annual music venue permit (previous venue name was Amped),Split Level LLC
Advertising Sound Amplification,,CASH AMERICA PAWN AUSTIN #4
Advertising Sound Amplification,Roadway Productions,ROADWAY PRODUCTIONS
Private Sound Amplification,"Amplified sound permit for Antioch Easter Service / Concert in the field behind the church building.  Amplified sound dates & times: Friday 04/02/2021 noon - 4:00pm (rehearsal; 2 hours max of music), Saturday 04/03/2021 2:00pm - 4:00pm (rehearsal), Sunday 04/04/2021 10:00am - 12:00pm (service).",Antioch ATX
Advertising Sound Amplification,,Mas Event Design
Private Sound Amplification,"Single day amplified sound permit for Fairmont Grand Opening event on Friday, March 23rd, 2018.",Kennedy Creative Company
Advertising Sound Amplification,,Wilson-Brown Productions Inc
Government Amplified Sound,,Austin Community Festival
Outdoor Music Venue,,MEC Austin Investors LP
Outdoor Music Venue,,Shady Grove Inc.
Outdoor Music Venue,Application to renew annual music venue permit.,Opa Coffee & Wine Bar
Advertising Sound Amplification,,"Creeky Gate, Inc. DBA Iron Gate Lounge"
Outdoor Music Venue,Application for Outdoor Music Venue Permit (indoor venue with open door when required by AFD).,"LE BRIT, INC"
Private Sound Amplification,,PANDORA ARTIST VILLAGE
Advertising Sound Amplification,,Greg Henry & Associates LLC
Private Sound Amplification,"Single day amplified sound permit for 'Hi, How Are You?' Hot Luck event in portion of Franklin's BBQ private parking lot on Thursday, May 24, 2018.",Hot Luck Festival LLC
Outdoor Music Venue,,"Inland Western Austin Southpark Meadows II, L.P."
Advertising Sound Amplification,,Your Mom's Burger Bar
Outdoor Music Venue,,411 First Floor Inc
Outdoor Music Venue,,"East Inns, LLC"
Advertising Sound Amplification,,Yellow Jacket Social Club
Private Sound Amplification,"Amplified sound permit for anime and gaming convention on July 28-30th, 2023 in the plaza area north of the Austin Convention Center and south of Brush Square Park.",Dream Convention
Government Amplified Sound,,Crohn's & Colitis Foundation of America
Private Sound Amplification,"Amplified sound permit for American Veterinary Medical Association temporary event on Friday, June 21st, 2024 from 11:00am - 2:00pm.",AVMA
Advertising Sound Amplification,,Juan Pelota's
Outdoor Music Venue,,"612 West 6th, LLC"
Private Sound Amplification,,LANCASTER WEDDING RECEPTION
Outdoor Music Venue,,C & J Ventures LLC
Advertising Sound Amplification,,Austin Bouldering Project
Outdoor Music Venue,Application to renew annual OMV permit.,"SJMC Concepts, LLC."
Private Sound Amplification,,Digital Realty Trust
Private Sound Amplification,Private party during ACL,Andrew Anderson
Outdoor Music Venue,,THE BLACKHEART
Advertising Sound Amplification,,"El Leon Cantina, Inc."
Concrete Pouring,,"STI, LLC"
Advertising Sound Amplification,,W2O Group
Outdoor Music Venue,Application to renew annual Outdoor Music Venue permit.,WTF Icehouse
Advertising Sound Amplification,,RightClark Production LLC
Outdoor Music Venue,,"HOSS Enterprises, Inc."
Advertising Sound Amplification,,Joe's Bar & Grill
Private Sound Amplification,"Single day amplified sound permit for Pavoton event in portion of private parking area on Thursday, November 15th, 2018.",Poco Loco Supermercado
Concrete Pouring,,Hensel Phelps
Advertising Sound Amplification,,Fueld Films Inc
Advertising Sound Amplification,,Phillmarc Rood LLC DBA Cedar Door
Advertising Sound Amplification,,Liberty ATX LLC
Advertising Sound Amplification,,Aussie's Bar & Grill
Outdoor Music Venue,,Umami Mia's Barton Sprigns LLC
Concrete Pouring,,Jay-Reese Contractors
Advertising Sound Amplification,,Cash America Pawn Austin #4 Location #504
Advertising Sound Amplification,,S D Boque LLC
Private Sound Amplification,Speakers,Hawkeye
Private Sound Amplification,"Single day amplified sound permit for Huston-Tillotson Homecoming event on Saturday Feb 11th, 2017.",Huston-Tillotson University
Government Amplified Sound,Event benefiting PeopleFund,PeopleFund
Outdoor Music Venue,Open Doors & Windows only,Geisha Room LLC
Advertising Sound Amplification,,Vagabond Collective
Outdoor Music Venue,Application to renew annual OMV permit,Brazos Hall LLC
Private Sound Amplification,"Amplified sound permit for Washington DC Economic Partnership event on March 11th-13th, 2017 at Cafe Blue.","Mars on Gravity Productions, LLC"
Outdoor Music Venue,,Rabbit's Lounge
Outdoor Music Venue,Application for Outdoor Music Venue.,West Guys LLC
Outdoor Music Venue,Application to renew annual music venue permit.,Barbarella
Private Sound Amplification,,The Wave
Advertising Sound Amplification,"Single day amplified sound permit for event in portion of rear parking area for Ten Thousand Villages nonprofit fundraiser / trade show on October 14th, 2016.",Ten Thousand Villages
Outdoor Music Venue,Application to renew annual music venue permit,Austin Jukebox Holdings LLC DBA Beerland Texas
Advertising Sound Amplification,"Single day amplified sound permit for TanZ event in parking area on the NW corner of 7th and Red River March 16th, 2017.",TanZ Productions LLC
Outdoor Music Venue,Application to renew annual music venue permit.,Girard Diversified
Outdoor Music Venue,,THE PARK AT THE DOMAIN
Advertising Sound Amplification,,CompassLearning Inc
Outdoor Music Venue,,MALVERDE AUSTIN
Outdoor Music Venue,Application to renew annual music venue permit.,"401 E 6th Bar, LLC"
Advertising Sound Amplification,"Amplified sound permit for 4-day event Friday March 10th - 13th, 2017 for National Kidney Foundation.",Transistor Studios
Private Sound Amplification,"Single day amplified sound permit for private rooftop event on Monday, May 29th, 2017.",Allen Boone Humphries Robinson LLP
Concrete Pouring,Type 2 permit for one-time concrete pour permit during non-peak hours.,DKC Construction Group
Outdoor Music Venue,Application to renew annual OMV permit.,Whisler's
Outdoor Music Venue,,GCS Entertainment Inc
Government Amplified Sound,Application received prior to 2/10/11 ordinance,Michael Ahern
Outdoor Music Venue,Application to renew annual outdoor music venue permit.,"G'RAJ MAHAL CAFE DESI & FRIENDS, LLC"
Outdoor Music Venue,Application to renew annual Outdoor Music Venue permit.,Live Nation Worldwide Inc.
Private Sound Amplification,,Gypsy Sun Vintage/Big Rig
Advertising Sound Amplification,"Single day amplified sound permit for Summer Live Series event on Thursday, July 20th, 2017.",The Infinite Agency
Outdoor Music Venue,Application to renew music venue permit,W Austin
Outdoor Music Venue,,Blind Pig LLC
Private Sound Amplification,,Chuy's Bakery
Advertising Sound Amplification,,Urban Outfitters
Outdoor Music Venue,applicant wants the 96 hour permit instead of the annual permit.  See Advertising permit.,Mugshots
Outdoor Music Venue,Application to renew annual OMV permit,Easy Tiger Holdings LLC
Outdoor Music Venue,,JUSTINE'S BRASSERIE
Private Sound Amplification,Single day amplified sound permit for Cellis Brewery 1st year Anniversary Party.,FFBC Operations LLC
Private Sound Amplification,,AMOA-Arthouse
Advertising Sound Amplification,,Zen Japanese Food
Advertising Sound Amplification,,Cash America
Public Sound Amplification,,Rare Magazine LLC
Outdoor Music Venue,,Kennedy Creative
Government Amplified Sound,Event benefiting area students,"Andorc, Inc."
Outdoor Music Venue,Application to renew annual music venue permit.,75 1/2 Rainey Street LLC dba HALF STEP
Government Amplified Sound,Headquarters Groundbreaking & Dedication,Texas Public Policy Foundation
Private Sound Amplification,,"501 Entertinment, LLC"
Outdoor Music Venue,Application for annual Outdoor Music Venue permit.,"7TH & Shady, LLC"
Outdoor Music Venue,Application to renew annual music venue permit.,MML Hospitality
Advertising Sound Amplification,"Single day sound permit for event on Sunday July 30th, 2017.",Stay Gold
Outdoor Music Venue,Application to renew annual music venue permit.,Fareground
Advertising Sound Amplification,,Top Notch Hamburgers
Advertising Sound Amplification,"Amplified sound permit for Ethik Compound event March 13-16, 2019.",Ethik Worldwide LLC
Advertising Sound Amplification,"Single day sound permit for East Riverside Spirits and Music Festival in vacant lawn area on Saturday October 21, 2017.",South Shore District
Advertising Sound Amplification,,Bike Texas
Advertising Sound Amplification,SXSW Official Event,Hype Machine Inc/Hype Hotel
Outdoor Music Venue,Application to renew annual music venue permit.,Sammie's Italian LLC
Public Sound Amplification,,Tony Powell
Advertising Sound Amplification,,Bethany Andree
Outdoor Music Venue,Application to renew annual Music Venue permit.,MEANWHILE BREWING CO LLC
Advertising Sound Amplification,,Austin U Weekly
Outdoor Music Venue,Application to renew annual OMV permit.,"FOURTH & HAVANA, LTD  DBA TENOAK"
Outdoor Music Venue,,"Sanchez Enterprises, Inc. dba Baby Acapulco Restaurant No. 2"
Advertising Sound Amplification,,HEART OF TEXAS ROCKFEST
Public Sound Amplification,,The Parkside Dentist
Outdoor Music Venue,,Rebow LLC
Private Sound Amplification,,ST. EDWARD'S UNIVERSITY - STUDENT LIFE
Advertising Sound Amplification,,John Brown
Government Amplified Sound,Event benefiting ABOR Foundation,ABOR FOUNDATION
Advertising Sound Amplification,"Sound permit for annual waterloo records spring event March 14-17, 2018 in portion of parking area.",Waterloo Records & Vi
Advertising Sound Amplification,"Single day amplified sound permit for Austin T-Shirt Lab Grand Opening Party on Saturday, March 3rd, 2018.",Austin T-Shirt Lab
Outdoor Music Venue,,Luxury Hookah Corporation
Advertising Sound Amplification,,"Nuevo Leon, Inc."
Advertising Sound Amplification,,Freak Show Festival
Outdoor Music Venue,Application for annual outdoor music venue permit.,The Betty ATX
Private Sound Amplification,,"Wide Angle Group, Inc."
Advertising Sound Amplification,,"BCMT Enterprises, LLC"
Government Amplified Sound,Permit for charitable orginization (St George's Episcopal Church),St George's Episcopal Church
Outdoor Music Venue,Application for outdoor music venue permit for St. Genevieve.,Gavioliv  Enterprises LLC
Public Sound Amplification,"Amplified sound permit for Outdoor Project's block party event on Saturday, May 19, 2018.",Outdoor Projects Inc
Outdoor Music Venue,Application to renew annual outdoor music venue permit.,Nook LLC
Private Sound Amplification,"Amplified sound permit for Michigan House event on Monday March 13th, 2017 an Labyrinth area of St. David's Church.",Creative Many Michigan
Advertising Sound Amplification,SXSW Official Event - Reminder of Permit see folder 2015-017807-SO,SXSW LLC
Government Amplified Sound,,Violet Crown Community Works
Advertising Sound Amplification,,Bud's Motorcycle Shop
Advertising Sound Amplification,,Front Gate Tickets
Private Sound Amplification,,Chick-Fil-A
Public Sound Amplification,,Austin Interfaith
Outdoor Music Venue,Denied due to no CO and outdoor entertainment not allowed in TOD zoning.,East Side Drive In
Advertising Sound Amplification,,"WATERLOO RECORDS & VIDEO, INC."
Private Sound Amplification,,Zach Scott Theater
Private Sound Amplification,,DW Studio Productions
Outdoor Music Venue,Application to renew annual music venue permit.,The Dogwood
Outdoor Music Venue,,04 Enterprises Incorporated DBA Creekside Lounge
Government Amplified Sound,,Kinney Avenue Christian Fellowship
Advertising Sound Amplification,,Baja Racing of Texas
Advertising Sound Amplification,,Cash America Pawn #04
Government Amplified Sound,Event for non-profit Austin Children's Museum,The Thinkery
Advertising Sound Amplification,,Hill's Austin Cafe' LP
Outdoor Music Venue,,Antonio's Mexican Restaurant
Advertising Sound Amplification,,Flying Saucer
Outdoor Music Venue,,"Karibu Ethiopian Restaurant, Inc."
Private Sound Amplification,"Amplified sound permit for 19th annual Heart of Texas Rock Fest in portion of vacant parking lot March 16-17, 2018.",Apb Entertainment
Outdoor Music Venue,,Tejano Rnch
Outdoor Music Venue,Application to renew annual music venue permit.,Austin City Limits Live Moody Theater
Advertising Sound Amplification,,Cascade Studios Austin
Advertising Sound Amplification,,Field Films
Government Amplified Sound,,Octopus Club/AIDS Services of Austin
Public Sound Amplification,,SOUTHWEST KEY PROGRAM INC
Outdoor Music Venue,,"The Eastern,LLC"
Advertising Sound Amplification,,HOEKS PIZZA
Government Amplified Sound,,Counter Culture
Advertising Sound Amplification,,Austin Film Soceity
Private Sound Amplification,"Single day amplified sound permit for private reception party in lawn area of Rosewood Restaurant on Saturday, October 2nd, 2021 from 6PM to 10PM.",Foster ATX
Private Sound Amplification,,Alice in Wonderland showing
Outdoor Music Venue,Duplicate -- Created in Error,Domain HC LLC
Concrete Pouring,24-hour sound permit per 9-2-23 (permit for other property) to allow removal of temporary structures during non-peak hours.,"GB Five Stones Construction, LLC"
Outdoor Music Venue,more information required.,Emos Annex
Outdoor Music Venue,,ALLAN-THRASHER L L C
Government Amplified Sound,Texas music museum,texas music museum
Advertising Sound Amplification,,Texas Mist
Private Sound Amplification,,Perla's Seafood & Oyster Bar
Outdoor Music Venue,Application to renew annual outdoor music venue permit but with some changes in name and Wiggle Room will be permitted separately.,The Ranch 616
Private Sound Amplification,,Brianna Eggers
Advertising Sound Amplification,,Meridian Hive Meadery
Outdoor Music Venue,Application to renew annual music venue permit.,401 E 6TH BAR LLC
Public Sound Amplification,Permit for non-profit/charitable orginization,Dear Texas Inc
Outdoor Music Venue,Application for annual outdoor music venue permit,The Creek and The Cave
Advertising Sound Amplification,,Studio 8 Architects
Outdoor Music Venue,,Sixth Red River LC
Advertising Sound Amplification,,Awestruck Marketing Group
Advertising Sound Amplification,,Action Marketing Group LLC
Advertising Sound Amplification,,Something Inc DBA Antone's Nightclub
Advertising Sound Amplification,,Wit-Sa LLC
Outdoor Music Venue,,"Freedman's, LLC"
Private Sound Amplification,,Terra Burger
Advertising Sound Amplification,,Cain & Abel's
Advertising Sound Amplification,,LU GROCERY CENTER LP A TEXAS LIMITED PARTNERSHIP
Private Sound Amplification,,Black Star Co-Op
Advertising Sound Amplification,Inside building,Mellow Mushroom
Outdoor Music Venue,,Friends Austin
Advertising Sound Amplification,,Republic of Texas Biker Rally
Government Amplified Sound,,Iglesia Remanente
Outdoor Music Venue,,The Powder Room LLC
Outdoor Music Venue,Application to renew annual music venue permit.,THE BLACKHEART LLC
Outdoor Music Venue,No parking for outdoor seating,CAJUN PIZZA PLACE
Advertising Sound Amplification,,Fueled Films
Outdoor Music Venue,,Clearport LLC
Advertising Sound Amplification,School of Rock,Paul Green School of Rock Texas LLC.
Private Sound Amplification,"Amplified sound permit for concert / private party at the Carpenter Hotel on Friday, September 9th, 2022 from 6pm - 10pm.",Carpenter Hotel
Private Sound Amplification,,West's Wine Art and Music
Public Sound Amplification,11th st in front of capital will use small battery operated sound system to amplify and voice opinion,Truth Austin
Advertising Sound Amplification,,Nice N Clean
Advertising Sound Amplification,,"THE VISIONARY GROUP, LLC"
Advertising Sound Amplification,,Dottye Dean
Advertising Sound Amplification,,Emos Night Club
Advertising Sound Amplification,,Tacorrido Restaurant
Outdoor Music Venue,Application for Outdoor Music Venue permit.,Coyote Ugly Saloon
Advertising Sound Amplification,,Keep It Local
Government Amplified Sound,,Love-A-Bull
Government Amplified Sound,Event benefiting person with leukemia,Screaming Goat LLC
Outdoor Music Venue,,"Moncada Enterprises, LLC"
Outdoor Music Venue,,JJG Sixth Group Inc DBA Union Park
Concrete Pouring,,Rogers-O'Brien Const
Private Sound Amplification,,University Towers
Private Sound Amplification,"Amplified sound permit for Tejano y Mas 3 day event March 15-17, 2018.",Austin Tejano Music Coalition
Advertising Sound Amplification,Grand Opening event,Lovely Austin Boutique
Private Sound Amplification,,Nice & Clean
Outdoor Music Venue,Application for annual Outdoor Music Venue permit.,"CAPITAL COMMERCIAL INVESTMENTS, INC."
Outdoor Music Venue,OMV renewal.,Oilcan Harry S
Advertising Sound Amplification,,PRO ARTS COLLECTIVE
Advertising Sound Amplification,,South Congress Athletic Club
Government Amplified Sound,,Austin Children's Museum
Advertising Sound Amplification,2011 Texas Rockfest,Red Fez
Outdoor Music Venue,,Regina Thomas
Advertising Sound Amplification,,LA PATISSERIE
Private Sound Amplification,"Sound Permit"" Khabele School""",Khabala school
Advertising Sound Amplification,,Qui Restaurant
Private Sound Amplification,,Olivia Restaurant (70 db level)
Private Sound Amplification,private sound amplification,Waterloo Brothers LLC
Advertising Sound Amplification,,The Soup Peddler
Advertising Sound Amplification,,The Liberty
Advertising Sound Amplification,,415 Productions LLC
Advertising Sound Amplification,,Weird City Hip Hop Festival
Advertising Sound Amplification,Single day amplified sound permit for South Austin Music's 30th Anniversary on 10/02/2016.,South Austin Music
Advertising Sound Amplification,,White Mountain Foods
Advertising Sound Amplification,Single day amplified sound permit for Battleground Texas HQ office opening event in parking area / patio on 08/25/2016.,Battleground Texas
Private Sound Amplification,"Single day amplified sound permit for office / client party on Tuesday March 28th, 2017.",Drenner Group
Outdoor Music Venue,Application to renew annual Music Venue permit.,Austin Public Library - Central Library
Government Amplified Sound,,Cover 3 Anderson Lane LLC
Advertising Sound Amplification,,Aus-Tex Building Consultants
Outdoor Music Venue,Application for annual outdoor music venue permit.,HEB
Advertising Sound Amplification,,"Soular Foods Of Texas, Inc"
Advertising Sound Amplification,,Bobo's Snack Bar
Outdoor Music Venue,,Six Colorado Venture Ltd
Public Sound Amplification,"Single day amplified sound permit for Earth Day Austin event on Saturday April 22nd, 2017.",Earth Day Texas Austin
Advertising Sound Amplification,,LaV Restaurant & Wine Bar
Outdoor Music Venue,***WITHDRAWN PER APPLICANT REQUEST*** Application for annual Outdoor Music Venue permit.,Aba Austin LLC
Advertising Sound Amplification,Event cancelled due to inclement weather.,The Well
Government Amplified Sound,,ARTIST FOR MEDIA DIVERSITY
Public Sound Amplification,Movies in the park,Catellus Development Corporation
Advertising Sound Amplification,,Martel Windows and Doors LLC
Outdoor Music Venue,,"Downtown Jo's, L.P."
Government Amplified Sound,,Austin Gay and Lesbian Pride Foundation
Advertising Sound Amplification,,HOPE Events
Outdoor Music Venue,Application to renew annual OMV permit.,Barbarella LLC
Advertising Sound Amplification,,Arlyn Studios
Private Sound Amplification,"Single day sound permit for Nasha 3yr Anniversary Party on Saturday, November 4, 2017.",Nasha Restaurant Inc.
Outdoor Music Venue,,Lustre Pearl LLC
Private Sound Amplification,,La Boite Enterprises
Advertising Sound Amplification,,Homeslice Pizza
Outdoor Music Venue,Application for annual outdoor music venue permit.,Funlab
Outdoor Music Venue,Application to renew annual music venue permit.,Oilcan Harry's
Outdoor Music Venue,Application to renew annual music venue permit.,Gnar Bar
Government Amplified Sound,Event benefiting American Diabetes Association,AMERICAN DIABETES ASSOCIATION
Private Sound Amplification,"Single day sound permit for Kappa Kappa Gamma party Friday March 31st, 2017.",DIRTY MARTINS PLACE INC
Government Amplified Sound,Event for Non-Profit Co-Lab Projects.,Co-Lab Projects
Advertising Sound Amplification,,Clink
Advertising Sound Amplification,SXSW Official Application.,"Brazos Hall, LLC"
Government Amplified Sound,,Austin Wine & Music Festival
Public Sound Amplification,,Central East Austin Weed & Seed
Private Sound Amplification,"Single day amplified sound permit for Chingona Fest Texas 2019 on Saturday, June 22nd, 2019. (event postponed from April due to weather).",Hustle for the Cause
Outdoor Music Venue,,CUS Austin LLC
Advertising Sound Amplification,"Single day sound permit for event on Saturday March 11th, 2017 in portion of parking area.",Enviromedia
Advertising Sound Amplification,,Nordstrom Inc
Public Sound Amplification,"Single day amplified sound permit for Keep Austin Beautiful Clean Sweep event on Saturday April 8th, 2017.",Keep Austin Beautiful
Private Sound Amplification,Single day amplified sound permit for private party on 09/24/2016.,Great Hills Country Club
Moving Vehicle,,Occupy Austin
Outdoor Music Venue,Application for Outdoor Music Venue permit.,KESHVARI KEIVAN & REGINA HOOTEN
Outdoor Music Venue,,The Naty
Outdoor Music Venue,,"Third Base Austin Downtown, LLC"
Advertising Sound Amplification,No TUP required for events occuring at religious instiutions.,Caplan Miller Events
Outdoor Music Venue,,Shabby LLC dba Encore
Outdoor Music Venue,,Vulcan Gas Company
Advertising Sound Amplification,Withdrawn per applicant request -- no outdoor amplified sound.,Stretch Recipes Inc
Outdoor Music Venue,Application to renew annual Outdoor Music Venue permit.,SKYBOX on 6TH
Private Sound Amplification,,NICOLE L. C. BLAIR
Advertising Sound Amplification,,Under the Sun Austin
Advertising Sound Amplification,,Sigma Delta Tau
Advertising Sound Amplification,,Ncompass International
Advertising Sound Amplification,,Univision Radio
Advertising Sound Amplification,,whitesiren presents
Public Sound Amplification,,S & W Permits *MAIN*
Advertising Sound Amplification,Applicant never picked up permit.,Austin Social Affair LLC
Advertising Sound Amplification,,Dan Dillard & Co/NEST Financial
Government Amplified Sound,,AUSTIN SCHOOL FOR PERFORMING & VISUAL ARTS
Private Sound Amplification,"Single day amplified sound permit for Hustle House spring event March 10, 2018.",Black and Brown Founders
Advertising Sound Amplification,,Odyssey BMX
Advertising Sound Amplification,,Beauty Ballroom
Outdoor Music Venue,Application to renew annual music venue permit.,Brazos Hall
Outdoor Music Venue,for open doors / windows.,HUDSON ON FIFTH / REPUBLIC LIVE
Public Sound Amplification,,Capital Metro (Cynthia Lucas)
Private Sound Amplification,,Big House Sound Inc
Outdoor Music Venue,Agent withdrew application.,"Morsels, L.P."
Advertising Sound Amplification,,Carson International Inc
Government Amplified Sound,,"Balcones Recycling, Inc."
Private Sound Amplification,"Single day amplified sound permit for Ion Art Surreal Sea event on Saturday, November 17, 2018.",Ion Art Inc
Concrete Pouring,Type 2 permit for one-time concrete pour permit during non-peak hours.,"Terra Excavating and Construction, LLC"
Concrete Pouring,,Veritas Group
Advertising Sound Amplification,"4 day sound permit for Starz American Gods event March 10th - 13th, 2017.",Premier Displays
Concrete Pouring,Request for Type 2 permit concrete pouring permit,HENSEL PHELPS CONSTRUCTION COMPANY
Advertising Sound Amplification,,Rally Marketing Group Inc
Advertising Sound Amplification,,TROIS   INC
Outdoor Music Venue,,Dustin Daniels
Advertising Sound Amplification,,Old Pecan Street Enterprises Inc
Advertising Sound Amplification,,Opal Divine's Marina LP
Government Amplified Sound,Non-Profit event for Flatwater Foundation,Flatwater Foundation
Government Amplified Sound,,National Eating Disorder Association (NEDA)
Advertising Sound Amplification,,MKTG
Advertising Sound Amplification,"Multi-day amplified sound permit for Prime Video event March 8-11, 2019.",LEADDOG MARKETING
Advertising Sound Amplification,,"Mercury Permits, Inc! (THIS ONE)"
Outdoor Music Venue,Establishment Closed,The Paradise Cafe
Outdoor Music Venue,,TRACE AT W AUSTIN
Advertising Sound Amplification,,Nine Mile Records
Advertising Sound Amplification,,"Gayatri, Inc."
Advertising Sound Amplification,,TurnKey Operations
Advertising Sound Amplification,,"TROPHY'S BAR, INC."
Advertising Sound Amplification,,Heard Entertainment LLC
Outdoor Music Venue,Application to renew annual music venue permit.,Half Step Bar (Address is a half address)
Outdoor Music Venue,,RAIN ON 4TH
Advertising Sound Amplification,Freak Show Festival,J. Simmons Industries
Outdoor Music Venue,,Javelina
Advertising Sound Amplification,,Giant Noise
Advertising Sound Amplification,,Red Velvet Events Inc.
Government Amplified Sound,Event for Seton (Non-Profit Orginization),Setib McCarthy Community Health
Government Amplified Sound,Charity event,Animal Trustees Of Austin
Advertising Sound Amplification,,Clear Wireless Inc
Advertising Sound Amplification,,AUSTIN AMERICAN STATESMAN
Advertising Sound Amplification,,Sony PCL Inc
Government Amplified Sound,,BILLY CANNON S
Advertising Sound Amplification,,National Media Services Inc
Government Amplified Sound,,DOMME CHARITY EVENT
Private Sound Amplification,,Cream Vintage
Outdoor Music Venue,Application to renew annual music venue permit,LITTLE WOODROWS
Outdoor Music Venue,For open doors / windows only.,Sixth Street Concepts
Advertising Sound Amplification,,Delta Millworks Inc
Advertising Sound Amplification,SXSW Official,Vice Media Inc
Advertising Sound Amplification,,Mercury Permits Inc.
Advertising Sound Amplification,,iHeart Media
Advertising Sound Amplification,,BeCore Inc
Outdoor Music Venue,Application to renew music venue permit.,Austin Nightlife LLC
Advertising Sound Amplification,,University Co-op Society
Outdoor Music Venue,,"616 Restaurant, Inc. DBA Ranch 616"
Government Amplified Sound,,Dolores Catholic Church
Outdoor Music Venue,,Bar Ninety Six Austin LLC
Advertising Sound Amplification,,JO'S HOT COFFEE
Advertising Sound Amplification,,Kendra Scott LLC
Private Sound Amplification,Two small patio speakers on the front of the building for background music during the 1 year anniversary party.,Little Brother
Advertising Sound Amplification,,Full Frontal Productions
Private Sound Amplification,"four day amplified sound permit for annual Lustre Pearl East spring event March 14-17, 2018.",Lustre Pearl East LLC
Outdoor Music Venue,,"Austin Mix-It, LLC"
Advertising Sound Amplification,,The Revolution Inc
Advertising Sound Amplification,,The Church on Congress Avenue
Outdoor Music Venue,Application for annual music venue permit.,Lobos Hospitality
Outdoor Music Venue,Application for annual outdoor music venue permit.,Radio East
Advertising Sound Amplification,,DEN Property Group
Government Amplified Sound,,Love ATX of Love Unity Foundation
Outdoor Music Venue,,Heard Ent Texas
Outdoor Music Venue,,Off the Wagon DBA Dirty Dog Bar
Advertising Sound Amplification,,FG Squared Multimedia
Private Sound Amplification,"Amplified sound permit for temporary private corporate party on 29th floor outdoor terrace on Friday, December 13th, 2024 from 6pm - 10:00pm.",Meta
Outdoor Music Venue,,"RMG - Rio Management Group, LLC"
Private Sound Amplification,"Single day sound permit for private event on Thursday October 5th, 2017 on 6th floor section of parking garage.",Cultivate PR
Advertising Sound Amplification,,"Intergalactic Triangle, LLC dba Galaxy Cafe"
Government Amplified Sound,,Jewish Community Center of Austin
Outdoor Music Venue,Application for annual Outdoor Music Venue permit.,"Soho House Austin, LLC"
Outdoor Music Venue,,Stubbs Austin Restaurant Company LC
Advertising Sound Amplification,,Vevo Inc LLC
Advertising Sound Amplification,,Colorado Street Managers
Outdoor Music Venue,,Moncada Enterprises LLC
Government Amplified Sound,Church event,Cathedral of St Mary's
Private Sound Amplification,Multi-day amplified sound permit for small outdoor sound setup in courtyard space.,Aron Levine Productions
Private Sound Amplification,"Single day amplified sound permit for Chuy's 35th Anniversary event on Tuesday April 25th, 2017.","Chuy's Opco., Inc."
Outdoor Music Venue,Restaurant,ROMEO' BARTON SPRINGS LLC
Outdoor Music Venue,,Elm Resturant Group
Private Sound Amplification,,"ZEN MEN, LLC DBA THE WAR HORSE"
Private Sound Amplification,,Austin Revitalization Authority
Advertising Sound Amplification,,Fueld Films
Outdoor Music Venue,Application for music venue permit at existing restaurant.,EASTSIDE SHOWROOM
Government Amplified Sound,,ARTHRITIS FOUNDATION-AUSTIN
Private Sound Amplification,Private event at Applebee's,Applebee's Restaurant
Outdoor Music Venue,,Gayatri Inc
Outdoor Music Venue,,WL Star Bar LLC
Private Sound Amplification,,Torchy's Tacos
Advertising Sound Amplification,,Under The Sun Austin
Private Sound Amplification,,One Clipboard
Advertising Sound Amplification,Amplified sound permit for 3 day event starting January 27th at vacant parking lot.,Grandesign Media Services
Advertising Sound Amplification,,"DC + CJ Holdings, LP"
Advertising Sound Amplification,SXSW Official Event,VICE Media Inc
Government Amplified Sound,,The Boiling Pot
Advertising Sound Amplification,,Pecan Street Association DBA Old pecan street ass.
Outdoor Music Venue,,Quickie Pickie
Advertising Sound Amplification,,TFR Agency LLC
Outdoor Music Venue,,Vortex Repertory Company
Advertising Sound Amplification,,SXSW
Private Sound Amplification,,Mystic Law Productions
Private Sound Amplification,Included in the 96 hour permit for High Beam,Fast Folks
Private Sound Amplification,"Single day amplified sound permit for Outdoor Voices Public Event on Saturday, March 9, 2019 from 10am-2pm (including sound checks, etc.)",DEMARIS ENTERTAINMENT
Private Sound Amplification,"Single day amplified sound permit for Austin Pets Alive event on Saturday, April 7th, 2018.",Austin Pets Alive!
Advertising Sound Amplification,,Tea Embassy
Private Sound Amplification,,Amy's Ice Cream
Advertising Sound Amplification,,"THE STAGE ON SIXTH, INC."
Advertising Sound Amplification,,Tucson Closet Gold
Advertising Sound Amplification,,Casa Chapala Mexican Grill & Tequila Bar
Advertising Sound Amplification,,St Vincent De Paul
Advertising Sound Amplification,,BLACKBERRY SOCIAL CLUB
Advertising Sound Amplification,,Marsh
Outdoor Music Venue,,Jollyville Bar and Gill
Advertising Sound Amplification,,ATX Television Festival Inc
Private Sound Amplification,,"Localiter, LLC"
Outdoor Music Venue,Application for new outdoor music venue permit at existing cocktail lounge.,"Scenic PG, LLC"
Advertising Sound Amplification,,"Texas Investment Fund, LLC dba The Rooftop"
Government Amplified Sound,Event for free medical services,Greater Mt. Zion Baptist Church
Government Amplified Sound,Event at Religious Assembly,The Sanctuary
Private Sound Amplification,,Surplus Holdings
Advertising Sound Amplification,,Cowboy Harley-Davidson of Austin
Outdoor Music Venue,Application to renew annual outdoor music venue permit.,Cosmic Saltillo
Outdoor Music Venue,,Heartfelt Hospitality
Outdoor Music Venue,,"ARJ Entertainment, Inc."
Private Sound Amplification,"Single day amplified sound permit for Planned Parenthood of Great Texas Austin Annual Dinner on Saturday, September 29, 2018.",PPGT
Advertising Sound Amplification,,FRONT GATE SOLUTIONS
Advertising Sound Amplification,,Conjunctured LLC
Advertising Sound Amplification,,C3 Group
Advertising Sound Amplification,"Amplified sound permit for Destination: ipsy event in portion of private parking area March 15-17, 2019.",Ipsy
Private Sound Amplification,"Single day amplified sound permit for event on Wednesday, March 13, 2019.",ConsenSys Inc
Outdoor Music Venue,,"Lone Star Bean, LLC"
Advertising Sound Amplification,SXSW Official Venue,Vice Media
Outdoor Music Venue,,HICKORY STREET AUSTIN LLC
Advertising Sound Amplification,"Single day amplified sound permit for event on March 14th, 2017.",Tequila Mockingbird
Government Amplified Sound,Event benifiting Food Allergy Research Education,Food Allergy Research & Education
Government Amplified Sound,,Art Alliance Austin
Advertising Sound Amplification,,REBECCA ARREAGA
Public Sound Amplification,,The Amala Foundation
Outdoor Music Venue,,NEW PINK AVOCADO LLC dba PINK AVOCADO
Outdoor Music Venue,Application to renew outdoor music venue permit.,Sai Seven Hills LLC
Advertising Sound Amplification,,Quality Seafood Market
Advertising Sound Amplification,Voided due to being within 100' of residential property,The Office Lounge
Advertising Sound Amplification,,Wind-Up Records/Conchord Music Group Inc
Government Amplified Sound,,Falling Whistles; Lupe Arts
Advertising Sound Amplification,,ATX Brands LLC
Concrete Pouring,Application for type 2 non-peak hour (Midnight - 6am) concrete installation permit.,HARVEY CLEARY BUILDERS
Advertising Sound Amplification,,Rock Austin with Launch Rock
Advertising Sound Amplification,,Adelberts Brewery LLC
Advertising Sound Amplification,,DNA Events Inc
Advertising Sound Amplification,,"MCGARRAH JESSEE, L.P."
Advertising Sound Amplification,,Austin Food Park
Advertising Sound Amplification,Temporary amplified sound permit for Restoration Hardware private grand opening event 09/14/2016.,Corso Agency
Government Amplified Sound,,Shady Tree Studios
Outdoor Music Venue,Application to renew annual outdoor music venue permit.,Empire Control Room & Garage
Outdoor Music Venue,,Deonton Norway LLC
Outdoor Music Venue,Application to renew annual music venue permit.,MOHAWK
Advertising Sound Amplification,,Music & Events Group
Advertising Sound Amplification,"Amplified sound permit for Due West and Atlassian events in lawn area of Seaholm on May 10th and May 19th, 2018.",Big Medium
Advertising Sound Amplification,,Google Village at SXSW
Outdoor Music Venue,Application to renew annual music venue permit.,Little Woodrows
Outdoor Music Venue,Application to renew annual music venue permit.,Javelina Bar
Outdoor Music Venue,Application for annual music venue permit.,The Stay Put
Outdoor Music Venue,Application to renew annual music venue permit,La Condesa / Malverde
Advertising Sound Amplification,Reminder of Permit on 2015-024153-SO.,Track Marketing Group LLC
Advertising Sound Amplification,,PetRelocation
Advertising Sound Amplification,,Australian Cattle God Records
Outdoor Music Venue,,The Stage on Sixth Inc
Outdoor Music Venue,Application for annual outdoor music venue permit.,K9 Entertainment LLC. DBA Mutts Canine Cantina
Outdoor Music Venue,,THE DOWNTOWN AUSTIN GROUP
Advertising Sound Amplification,,EAST BY NORTHEAST
Moving Vehicle,,CanWeMeet LLC
Government Amplified Sound,,Austin Restoration Ministry
Private Sound Amplification,,Zoja A. Ulesoo
Advertising Sound Amplification,within 100' of residential property,La Reyna Restaurant
Advertising Sound Amplification,,Rock N Roll Rentals Inc
Advertising Sound Amplification,,Michael P. Brown
Advertising Sound Amplification,,AOL
Government Amplified Sound,,Rosary Rally
Private Sound Amplification,,Austin Peace Pipez
Advertising Sound Amplification,Withdrawn - No amplified sound outdoors,Lomography Austin
Outdoor Music Venue,Application for annual music venue permit.,Punch Bowl Social
Outdoor Music Venue,,"Rattle Inn Austin, LLC"
Advertising Sound Amplification,96 hour permit - duplicate entry,"EAST FIRST CONCERT HALL, INC."
Private Sound Amplification,Birthday party,El Rival Club
Advertising Sound Amplification,"Multi-day amplified sound permit for events on May 6, 12, 13 & 14, 2017.","Shoal Creek Entertainment Group, LLC"
Outdoor Music Venue,Application for annual music venue permit,Barcelona-Austin LLC
Advertising Sound Amplification,,WeAre78704.com
Private Sound Amplification,"Single day amplified sound permit for live music event connecting local churches and non-profits on Friday, July 9th, 2021 from 7PM - 9PM.",EveryHeart Movement
Advertising Sound Amplification,"Single day amplified sound permit for Outpost Trading Company spring event on Tuesday, March 13, 2018.",Outpost Trading Co
Advertising Sound Amplification,,Capital Live Entertainment
Advertising Sound Amplification,,BeCore
Advertising Sound Amplification,,Mellow Johnny's Bike Shop
Advertising Sound Amplification,,Guns & Oil Brewing USA LLC
Advertising Sound Amplification,,Justinian & Associates
Advertising Sound Amplification,,Ponder and Ponder Parternship
Outdoor Music Venue,,"Catering by Baby Acapulco, Inc. dba Baby Acapulco Restaurant No. 5"
Government Amplified Sound,"The Domain in front of Kona Grill & The Zara's building 11600 Century Oaks Terrace, Austin, TX",Sole Success dba Parent Rise
Outdoor Music Venue,,Third Base Southpark Meadows
Outdoor Music Venue,Application for outdoor music venue permit,"Punch Bowl Austin, LLC"
Advertising Sound Amplification,,Star of Texas Events
Outdoor Music Venue,,THE CONTEMPORARY AUSTIN
Private Sound Amplification,"Single day amplified sound permit for 17th annual St. Patrick's Day event on March 17, 2018.",CELTIC CULTURAL CENTER OF TEXAS
Outdoor Music Venue,Application to renew annual music venue permit.,Easy Tiger LLC
Outdoor Music Venue,,The Belmont
Advertising Sound Amplification,,ES Productions
Outdoor Music Venue,Application for outdoor music venue permit for Jack & Gingers Irish Pub.,"Jack & Ginger Rock Rose, INC"
Private Sound Amplification,"Single day amplified sound permit for annual St. Patrick's Day Austin event on Sunday, March 17, 2018.",AUSTIN CELTIC FESTIVAL
Outdoor Music Venue,Application for outdoor music venue permit for Rose Room / 77 Degrees.,Rose Room Restaurant LLC
Advertising Sound Amplification,,Uchi Sushi
Advertising Sound Amplification,,Thicket
Private Sound Amplification,,Alamo Drafthouse Cinema
Advertising Sound Amplification,"Multi-day amplified sound permit for ACLU event March 8-10, 2019 in portion of vacant lot.",Mars on Gravity
Advertising Sound Amplification,,Woods Fun Center
Outdoor Music Venue,Application for annual outdoor music venue permit.,The Rainey House 76 LLC
Outdoor Music Venue,,"Lipstick 24, LLC"
Private Sound Amplification,,"SHINY OBJECT, INC."
Advertising Sound Amplification,"Sound permit for multi-day event March 8-14, 2018.",Off Piste As
Advertising Sound Amplification,"Amplified sound permit for 'Kegs and Eggs' 2 day event March 17th & 18th, 2017.",Pop2Life
Private Sound Amplification,"Amplified sound permit for 4-day event at Latchkey March 15-18, 2018.",Loboxcar LLC
Advertising Sound Amplification,,Car2Go
Private Sound Amplification,,Martin Herrera
Private Sound Amplification,,GYPSY STREETWEAR
Government Amplified Sound,,Partnership for Children
Advertising Sound Amplification,,Yum Yum Frozen Yogurt  LLC.
Advertising Sound Amplification,,Black Star Co-op Pub and Brewery
Outdoor Music Venue,,Headhunters Club
Private Sound Amplification,"Single day amplified sound permit for OUTLOUD: An Unofficial SXSW Showcase at University Baptist Church on Friday, March 15, 2019 from 11AM-9PM.",University Baptist Church
Advertising Sound Amplification,,Wild Sky Events
Advertising Sound Amplification,"Multi-day amplified sound permit for Second Play Stage event March 10th-19th, 2017.  Event is on the 10th street side of the property near Waller Creek (address point: 612 1/2 E 10TH ST).","Austin Capitol Hotel Operator, Inc"
Advertising Sound Amplification,Amplified sound permit for You Tube Copper Tank event (primarily indoor sound at the Copper Tank with ambient level sound at the adjacent vacant lot at 318 E 5TH ST).,Say OK
Private Sound Amplification,"Amplified sound permit for Second Play Stage event March 13-16, 2019.",Stephen F Austin Royal Sonesta Hotel
Advertising Sound Amplification,,Whole Foods Market Inc
Advertising Sound Amplification,,Janitzio Mexican Restaurant
Advertising Sound Amplification,,Comfort Suites NW Lakeline
Outdoor Music Venue,,REDS PORCH
Private Sound Amplification,"Single day amplified sound permit for Onnit Christmas Party on Friday, December 15th, 2017.","Onnit Academy, LLC"
Advertising Sound Amplification,,GayBiGayGay
Advertising Sound Amplification,,"Capitol City Barber Shop, LLC"
Advertising Sound Amplification,,Radio Coffee LLC
Government Amplified Sound,Permit for charitable American Diabetes Association,American Diabetes Association
Advertising Sound Amplification,,"Asian Orange Investment Group, LLC dba Juicy Tart"
Advertising Sound Amplification,,ATX Television Festival
Advertising Sound Amplification,,Beauty Bar East
Advertising Sound Amplification,,Lovey's Loot Boutique
Advertising Sound Amplification,,Utopiafest LLC
Advertising Sound Amplification,,KFMK SPIRIT 105.9
Advertising Sound Amplification,Taste North Austin,"Event Marketing Group, Inc."
Advertising Sound Amplification,,Frontier Bar LLC DBA FRON
Advertising Sound Amplification,,318 Fifth L P
Private Sound Amplification,,Spirit Fitness LLC
Government Amplified Sound,,Messiah Lutheran Church
Outdoor Music Venue,Application for annual outdoor music venue permit.,Whole Foods Market Corporate
Advertising Sound Amplification,,Dobie Center
Outdoor Music Venue,Permit appealed to Council and Council approved appeal 7-0,Who Is Guy Grand...Sustainable Waves
Outdoor Music Venue,Application to renew annual music venue permit.,KUNG FU SALOON
Advertising Sound Amplification,,La Condesa/Malverde
Private Sound Amplification,,"IDEAL WHEELS, INC. DBA BUD'S MOTORCYCLE SHOP"
Outdoor Music Venue,,Joe's Place
Advertising Sound Amplification,"Single day amplified sound permit for NadaMoo Scoop Shop Grand Opening event on Sunday, July 15, 2018.","Little Red Rooster Ice Cream Co, DBA NADAMOO!"
Public Sound Amplification,,Randi Shade re-election
Advertising Sound Amplification,,Target Corporation
Private Sound Amplification,,11e5
Advertising Sound Amplification,,Double Down Lounge
Private Sound Amplification,"Single day sound permit for event on Sunday August 13th, 2017.",The White Horse
Government Amplified Sound,Temporary event for charitable orginization.,Dogtoberfest Austin
Advertising Sound Amplification,,Equinox Mish Mash
Private Sound Amplification,,Alamo Drafthouse
Advertising Sound Amplification,A one day event in the CBD with an estimated attendance of 100 people. Amplified sound will  come from public address and a DJ.,Shatterproof
Private Sound Amplification,"Single day amplified sound permit for AIAS Opening Night event on December 29th, 2017.",The American Institute of Architecture Students
Advertising Sound Amplification,,HOTEL SAN JOSE
Private Sound Amplification,,"NOMAD SOUND, INC."
Outdoor Music Venue,,Roppolo'S Pizzeria
Private Sound Amplification,,The Pie Society LLC
Advertising Sound Amplification,"Temp sound permit for Startup Crawl event on Thursday, October 6th, 2016.",Red Velvet Events
Private Sound Amplification,,HOG IN THE WALLER
Private Sound Amplification,,BMF Media Group LLC
Outdoor Music Venue,Application for annual Outdoor Music Venue permit.,Austin Marriott Downtown
Outdoor Music Venue,,Paggi House
Advertising Sound Amplification,,Movember Foundation
Advertising Sound Amplification,,BABY BLUE STUDIO
Private Sound Amplification,"Amplified sound permit for Wander/Gather spring event at Wolf House March 8, 10, 13, 15, 2019.",Wolf Hospitality LLC
Advertising Sound Amplification,,WCG/INTEL 2012 GEEK-A-QUE
Private Sound Amplification,,Lucky J's
Outdoor Music Venue,Application to renew annual music venue permit.,CEDAR DOOR
Outdoor Music Venue,Application for annual outdoor music venue permit.,GOLDEN HOUR GROUP LLC
Outdoor Music Venue,,East Avenue Lounge LLC
Advertising Sound Amplification,,Silverton Partners
Advertising Sound Amplification,High Beams Event,Amplify Credit Union
Advertising Sound Amplification,,Pershing East LLC
Advertising Sound Amplification,"Multi-day amplified sound permit for 3 different events at CoTA (BP MS150 on Sunday April 29 10am-6pm, JMBLYA on Saturday May 5 Noon-11pm, and DIRTYBIRD BBQ on Saturday May 19, 2018 from 10am-10pm).",Scoremore Holdings LLC
Advertising Sound Amplification,"Multiday sound permit for Carvana SXSW event Friday March 10th - Wednesday March 15th, 2017.",Carvana
Advertising Sound Amplification,,Kapa Delta Sorority
Advertising Sound Amplification,,Hammer and Associates
Advertising Sound Amplification,,South Sound Productions
Outdoor Music Venue,,Baby Acapulco Mexican Resturant
Advertising Sound Amplification,,Texas Toast Jam 2
Outdoor Music Venue,,Austin Blend LP
Advertising Sound Amplification,,"Zumiez, Inc."
Government Amplified Sound,Permit for a charitable orginization (The Trail Foundation). Applicant never picked up permit.,Town Lake Trail Foundation
Advertising Sound Amplification,,Revival Cycles
Advertising Sound Amplification,,Mi Madre's Mexican Restaurant
Outdoor Music Venue,,Hush on Congress
Public Sound Amplification,,The Hitting Stops Here!
Advertising Sound Amplification,,"LMMM Austin 4 LTD., DBA LA MICHOACANA 4 AUSTIN"
Outdoor Music Venue,Application for annual music venue permit.,**DO NOT USE**
Advertising Sound Amplification,,Front Gate Ticket Solutions LLC
Advertising Sound Amplification,,NEIL COLEMAN DBA PRO-JEX
Outdoor Music Venue,No permit obtained for stage and deck,VILLAFRANCA INC DBA Villa Taco Shack
Advertising Sound Amplification,,The North Door
Advertising Sound Amplification,,South Congress Hotel
Private Sound Amplification,,LG Source LLC
